referral_id,referrer_user_id,referred_user_id,referral_date,referral_channel,status
REF-85355e5e,U-03979,,2025-01-06,email,sent
REF-52525ce0,U-00459,,2025-01-14,email,clicked
REF-bfc1a0a8,U-03433,,2025-01-14,kakao,sent
REF-b7813467,U-04773,,2025-01-14,kakao,sent
REF-716bbe07,U-02072,,2025-01-21,email,sent
REF-acc6a10f,U-05476,,2025-01-22,kakao,clicked
REF-7959d158,U-00179,,2025-01-23,email,clicked
REF-3ed4b398,U-00712,U-06079,2025-01-24,link,converted
REF-b55698ea,U-00841,U-06204,2025-01-26,email,converted
REF-6b7d1b4e,U-04667,,2025-01-26,link,sent
REF-df922ea8,U-02685,U-06473,2025-01-30,link,converted
REF-5560284f,U-05600,,2025-01-30,kakao,sent
REF-5c50e5df,U-03784,,2025-02-02,email,clicked
REF-842f396f,U-02966,,2025-02-05,link,clicked
REF-95712f5b,U-02811,,2025-02-08,link,sent
REF-64b5fc5b,U-04828,,2025-02-10,email,clicked
REF-1373d688,U-05653,,2025-02-14,kakao,sent
REF-3a903bf3,U-05820,U-08054,2025-02-20,email,converted
REF-c6d3b378,U-00210,,2025-02-22,kakao,sent
REF-622d6195,U-04939,,2025-02-23,kakao,sent
REF-0cc855ac,U-00755,,2025-02-25,email,sent
REF-f68f6cfb,U-06697,,2025-02-25,link,sent
REF-9dca45fb,U-03699,,2025-02-27,kakao,sent
REF-aad3ac0e,U-00815,,2025-03-02,email,clicked
REF-1af4c946,U-07017,,2025-03-03,link,sent
REF-a89653a2,U-04584,,2025-03-04,email,sent
REF-2f076876,U-05394,,2025-03-04,kakao,sent
REF-0f0c0089,U-02150,,2025-03-10,kakao,sent
REF-0b9fd3a7,U-05375,U-09742,2025-03-10,link,converted
REF-286b7af0,U-08915,,2025-03-10,link,clicked
REF-16f164d3,U-03564,U-09796,2025-03-11,email,converted
REF-80803534,U-05572,,2025-03-13,link,sent
REF-a24331d3,U-02203,,2025-03-14,link,sent
REF-4560165a,U-02441,,2025-03-15,email,sent
REF-752bb33b,U-01273,U-10263,2025-03-16,link,converted
REF-9d46da53,U-06001,U-10265,2025-03-16,kakao,converted
REF-15bb3b40,U-06603,,2025-03-18,kakao,sent
REF-d2b49c08,U-05214,,2025-03-20,link,sent
REF-2f4b9ba7,U-02532,,2025-03-21,kakao,sent
REF-fef4ea70,U-05921,U-10786,2025-03-21,link,converted
REF-f5877628,U-02941,,2025-03-23,email,sent
REF-071ee14b,U-01548,U-11131,2025-03-24,link,converted
REF-089a3ef0,U-06660,,2025-03-24,link,clicked
REF-347daf01,U-03646,,2025-03-28,link,sent
REF-7d4db9cf,U-01528,,2025-03-30,email,clicked
REF-88c75b7a,U-04971,U-11867,2025-03-31,kakao,converted
REF-94bf8f9d,U-09089,,2025-03-31,kakao,sent
REF-fbbba14c,U-09579,,2025-03-31,link,clicked
REF-32f9d6c3,U-09621,U-11883,2025-03-31,email,converted
REF-6260d0d5,U-06697,,2025-04-01,email,sent
REF-a83b15ef,U-02111,,2025-04-02,kakao,sent
REF-123a3410,U-03249,U-12071,2025-04-02,link,converted
REF-a82f3d42,U-03704,,2025-04-02,email,sent
REF-0c43e986,U-04569,,2025-04-03,link,sent
REF-af2033de,U-01910,,2025-04-04,link,sent
REF-6f037944,U-05921,,2025-04-04,link,sent
REF-31f92fe7,U-03060,,2025-04-05,email,clicked
REF-1babc6dc,U-04975,,2025-04-05,link,sent
REF-d6cc215f,U-11021,,2025-04-05,kakao,sent
REF-c753535b,U-05035,,2025-04-06,kakao,sent
REF-7433a6f7,U-07710,,2025-04-06,link,sent
REF-0d6af8b3,U-03846,,2025-04-08,email,sent
REF-9e58e67e,U-04362,,2025-04-08,email,sent
REF-7a1eb463,U-01793,,2025-04-09,email,sent
REF-8fb6381a,U-11369,,2025-04-10,link,sent
REF-b99ad1dc,U-02208,U-13122,2025-04-11,email,converted
REF-8cc56ede,U-02761,,2025-04-12,kakao,sent
REF-6290e044,U-03010,,2025-04-14,link,clicked
REF-1651f85b,U-03543,,2025-04-14,link,clicked
REF-28abe3ea,U-05921,,2025-04-16,link,sent
REF-38f420e5,U-07513,,2025-04-17,email,sent
REF-ddc3adb6,U-08512,,2025-04-17,kakao,sent
REF-1e4c4ce7,U-10101,U-13850,2025-04-17,email,converted
REF-fcc21362,U-10525,,2025-04-18,link,sent
REF-27755559,U-04527,,2025-04-19,link,sent
REF-3665ec70,U-01521,,2025-04-20,email,clicked
REF-ebd06bea,U-03483,,2025-04-20,kakao,sent
REF-6988e06a,U-07352,,2025-04-20,kakao,sent
REF-7ebb5eb7,U-10525,,2025-04-20,kakao,sent
REF-7d20b8ea,U-07063,,2025-04-22,email,sent
REF-a5005cb4,U-09459,,2025-04-22,link,sent
REF-e41a8136,U-12185,,2025-04-22,email,sent
REF-8c7a89cc,U-12870,,2025-04-22,email,sent
REF-1ba0c47a,U-05202,,2025-04-23,kakao,clicked
REF-11749842,U-10215,,2025-04-23,link,sent
REF-5eb932e2,U-05280,,2025-04-25,link,sent
REF-e73237d5,U-06099,,2025-04-25,email,sent
REF-e67cae36,U-06979,U-14800,2025-04-25,link,converted
REF-8146a535,U-08300,U-14801,2025-04-25,link,converted
REF-29763dcb,U-11063,,2025-04-25,link,sent
REF-6199c8d1,U-11863,,2025-04-27,link,sent
REF-d9c65cd6,U-05371,,2025-04-28,kakao,sent
REF-508f0795,U-11351,U-15236,2025-04-28,email,converted
REF-e16d7a98,U-01073,U-15363,2025-04-29,kakao,converted
REF-50625255,U-03219,,2025-04-29,kakao,clicked
REF-4353f88e,U-06905,,2025-04-29,email,sent
REF-efde85ec,U-01291,,2025-04-30,email,sent
REF-dac74735,U-07079,U-15516,2025-04-30,email,converted
REF-3c03df0f,U-11929,,2025-04-30,kakao,sent
REF-f7a88a27,U-02573,U-15661,2025-05-01,link,converted
REF-9a5cf0e6,U-03545,,2025-05-02,link,sent
REF-710ebfe7,U-03926,,2025-05-02,email,clicked
REF-5f7c73e0,U-05990,,2025-05-04,email,sent
REF-973d6f52,U-09826,,2025-05-04,email,clicked
REF-fcc3373e,U-03564,,2025-05-06,email,sent
REF-48eacc01,U-04138,,2025-05-06,kakao,sent
REF-8b96c030,U-08198,,2025-05-07,kakao,clicked
REF-90146a4b,U-03423,,2025-05-08,kakao,clicked
REF-1830bb8a,U-15350,,2025-05-08,kakao,sent
REF-907a9cdd,U-08441,U-16773,2025-05-09,email,converted
REF-7d704e74,U-14334,,2025-05-10,kakao,sent
REF-82bb5432,U-02619,,2025-05-11,link,clicked
REF-aa12837f,U-03939,,2025-05-11,kakao,clicked
REF-1a751844,U-09334,,2025-05-12,link,clicked
REF-aafe627b,U-10215,,2025-05-12,email,sent
REF-574d1f70,U-10754,,2025-05-12,kakao,sent
REF-457803a5,U-04519,,2025-05-13,email,clicked
REF-a4e9815a,U-08235,,2025-05-13,email,sent
REF-5a506a13,U-08472,,2025-05-13,link,sent
REF-04c41de4,U-08721,,2025-05-13,link,sent
REF-31886b2a,U-00767,,2025-05-14,link,sent
REF-ebccb776,U-08746,,2025-05-14,link,clicked
REF-1682c507,U-13428,,2025-05-14,email,clicked
REF-94261186,U-06715,,2025-05-15,kakao,clicked
REF-53fa34ec,U-02171,,2025-05-16,link,sent
REF-ff99af14,U-05958,,2025-05-16,email,clicked
REF-f88eab05,U-10062,,2025-05-16,kakao,sent
REF-5a5099df,U-07378,,2025-05-18,link,clicked
REF-851329de,U-09170,,2025-05-18,link,sent
REF-abb300f0,U-04270,,2025-05-19,email,sent
REF-68220490,U-04711,,2025-05-19,link,clicked
REF-bdc047fb,U-05888,U-18191,2025-05-19,email,converted
REF-e7ed4e61,U-09165,,2025-05-19,email,sent
REF-987d94e8,U-11941,,2025-05-19,link,clicked
REF-09ada2f1,U-02072,U-18332,2025-05-20,kakao,converted
REF-a3c283a4,U-08751,,2025-05-20,kakao,sent
REF-fe1f7c48,U-02183,,2025-05-21,link,sent
REF-bc481766,U-02996,,2025-05-21,email,clicked
REF-17350ed2,U-04015,,2025-05-21,email,sent
REF-d5767c9b,U-05158,U-18509,2025-05-21,email,converted
REF-c51748b0,U-05793,,2025-05-22,email,sent
REF-59da353e,U-12217,,2025-05-22,email,sent
REF-b2e87714,U-12697,,2025-05-22,email,sent
REF-6982455e,U-02943,,2025-05-23,link,sent
REF-d7115c4b,U-12069,,2025-05-23,email,sent
REF-4b955b64,U-12279,,2025-05-24,kakao,sent
REF-bbf43718,U-02955,,2025-02-15,link,sent
REF-a7192e8c,U-04767,,2025-03-20,link,clicked
REF-dd6c59e0,U-07551,,2025-03-04,link,sent
REF-006cb611,U-02004,U-16494,2025-05-07,kakao,converted
REF-ae5c9b5b,U-01613,U-10889,2025-03-22,link,converted
REF-bae0a36d,U-04440,U-10585,2025-03-19,email,converted
REF-f7d02853,U-13473,,2025-04-26,link,clicked
REF-2681a0b2,U-04555,,2025-03-14,link,sent
REF-f6e73877,U-00639,,2025-05-18,link,clicked
REF-a78a02fa,U-07912,,2025-03-11,link,sent
REF-27a2196c,U-01217,U-18333,2025-05-20,email,converted
REF-f717e1ee,U-00277,,2025-03-31,email,clicked
REF-16594143,U-05030,,2025-04-25,link,clicked
REF-e2585efb,U-07132,,2025-03-20,link,sent
REF-d6ac261a,U-02682,,2025-01-14,email,sent
REF-90ee7f08,U-12130,,2025-05-08,link,sent
REF-e3846695,U-05318,U-05484,2025-01-14,email,converted
REF-ae38e7bc,U-05054,,2025-01-25,email,sent
REF-2de665bf,U-02593,,2025-04-09,kakao,sent
REF-b618a7bc,U-07873,,2025-03-23,link,sent
REF-7d51664f,U-03564,,2025-05-24,email,sent
REF-015c726f,U-04987,,2025-02-10,kakao,clicked
REF-d03e18e9,U-05445,U-18339,2025-05-20,kakao,converted
REF-97d94a5c,U-06178,,2025-02-21,link,sent
REF-60d52a29,U-05629,,2025-05-18,kakao,sent
REF-9a059dfa,U-10238,,2025-04-19,email,clicked
REF-5d4485e9,U-07035,,2025-04-12,link,clicked
REF-cfcf6f17,U-02217,,2025-01-29,link,clicked
REF-2e23fe00,U-04690,,2025-02-24,link,sent
REF-1bf57bcb,U-02972,U-06875,2025-02-05,link,converted
REF-003366a6,U-00220,,2025-03-31,email,sent
REF-703a4d13,U-02072,,2025-04-20,email,sent
REF-bf39c46b,U-02972,,2025-02-19,link,sent
REF-0db027d6,U-03202,,2025-01-07,email,clicked
REF-ff5e2e97,U-03565,,2025-04-04,email,sent
REF-7d8ad4da,U-08155,,2025-04-07,email,clicked
REF-e54a1e98,U-02294,,2025-02-28,kakao,sent
REF-680cc9d5,U-06032,U-06336,2025-01-28,email,converted
REF-61e8e2f4,U-00526,,2025-03-22,link,clicked
REF-1fb623e0,U-09542,,2025-04-18,email,sent
REF-d93a4277,U-07550,,2025-04-10,email,clicked
REF-872e453f,U-00245,,2025-03-30,kakao,clicked
REF-c663cbfb,U-06023,,2025-03-26,email,sent
REF-5e75681d,U-04314,,2025-04-08,kakao,clicked
REF-5d15c0b2,U-00256,,2025-04-08,email,clicked
REF-a4cd76b1,U-01209,,2025-02-28,link,sent
REF-92213089,U-06000,,2025-02-28,link,sent
REF-42a866e7,U-00496,,2025-04-15,kakao,clicked
REF-71a6620f,U-06979,,2025-04-12,link,sent
REF-77f79f69,U-03542,U-06878,2025-02-05,link,converted
REF-ee40d2e5,U-06182,,2025-02-28,link,sent
REF-31bdab00,U-01036,,2025-01-29,link,clicked
REF-87bda22c,U-10759,,2025-05-03,email,sent
REF-906b933a,U-04717,,2025-02-23,kakao,clicked
REF-723633cc,U-04605,,2025-02-11,kakao,clicked
REF-259619cc,U-02171,,2025-03-31,kakao,sent
REF-3bb63293,U-06427,,2025-03-10,link,clicked
REF-6bc76989,U-01558,,2025-01-13,kakao,sent
REF-fbeca8fd,U-00177,,2025-04-14,link,clicked
REF-09a23a8f,U-05026,,2025-03-10,link,clicked
REF-281fa82d,U-07588,,2025-02-26,kakao,sent
REF-60ff10ae,U-06323,,2025-03-05,kakao,sent
REF-01f5885e,U-03249,,2025-03-09,kakao,sent
REF-9c60241f,U-00782,,2025-01-14,link,clicked
REF-152ca4af,U-08823,,2025-03-23,kakao,sent
REF-33d76e2e,U-02217,,2025-03-04,link,sent
REF-3b29805b,U-07094,,2025-04-05,kakao,sent
REF-26010835,U-08007,,2025-03-16,kakao,clicked
REF-4993e8cc,U-00859,,2025-02-17,kakao,sent
REF-1bcf8f9d,U-03954,,2025-02-22,kakao,sent
REF-f90460f6,U-04588,,2025-05-18,kakao,sent
REF-6949c4a4,U-00545,,2025-03-10,kakao,sent
REF-477452c3,U-07890,,2025-05-11,link,clicked
REF-4f0476b0,U-11246,,2025-05-13,link,clicked
REF-18dedf26,U-00617,,2025-01-27,link,clicked
REF-df959974,U-01885,,2025-02-20,email,sent
REF-30cb4885,U-07555,,2025-05-18,email,sent
REF-5042c2eb,U-03219,,2025-03-19,email,sent
REF-4bd336b0,U-02952,,2025-05-02,email,sent
REF-9a74a2a9,U-00785,,2025-02-23,kakao,sent
REF-09f46f6f,U-11005,,2025-04-24,email,sent
REF-299beb73,U-05187,,2025-05-16,kakao,clicked
REF-c91c3c32,U-04964,,2025-01-19,email,clicked
REF-ea1e562a,U-07536,,2025-05-11,kakao,sent
REF-b4031052,U-01048,,2025-05-20,email,clicked
REF-8475b896,U-07629,,2025-03-08,link,sent
REF-7801614f,U-02419,,2025-03-07,kakao,sent
REF-edd7b58c,U-02879,,2025-05-04,link,sent
REF-57ca78eb,U-12842,U-15918,2025-05-03,link,converted
REF-9b25496b,U-12557,,2025-04-21,link,sent
REF-0c284667,U-08874,,2025-05-22,link,sent
REF-ca5e7222,U-03786,,2025-03-31,link,sent
REF-2f70d1fa,U-02483,,2025-02-02,kakao,sent
REF-6cb89869,U-00356,U-10676,2025-03-20,kakao,converted
REF-6b0fccf1,U-06701,,2025-02-14,email,clicked
REF-c357a7e9,U-09429,U-11205,2025-03-25,link,converted
REF-c996403b,U-03578,,2025-03-18,kakao,sent
REF-8ae8f6ac,U-01613,,2025-01-31,link,sent
REF-1e60a1b9,U-03543,,2025-03-25,kakao,clicked
REF-643a712f,U-06890,,2025-02-22,kakao,sent
REF-1635f111,U-00859,,2025-01-17,link,sent
REF-6ca700d2,U-05142,,2025-05-04,kakao,clicked
REF-e1672fbf,U-04497,,2025-05-21,email,sent
REF-89247074,U-06553,,2025-05-15,email,sent
REF-799b18e8,U-05610,,2025-01-31,link,sent
REF-49ba7ffe,U-03078,,2025-04-23,email,sent
REF-650f4223,U-10624,,2025-04-15,link,sent
REF-a1d0050c,U-06001,,2025-02-22,email,sent
REF-248554d0,U-00291,U-09871,2025-03-12,kakao,converted
REF-2b5e764e,U-00182,,2025-03-18,link,clicked
REF-9046e838,U-05445,,2025-04-11,link,sent
REF-1fa5acbd,U-06715,,2025-05-23,link,sent
REF-79d9f86f,U-06364,,2025-01-30,link,sent
REF-da265474,U-03249,,2025-03-06,link,sent
REF-53b418e4,U-04125,,2025-04-25,kakao,clicked
REF-a3a38dac,U-09125,,2025-03-14,email,clicked
REF-a0ec5e8e,U-03793,,2025-05-06,link,sent
REF-d991e5ea,U-11661,U-15518,2025-04-30,kakao,converted
REF-f30dd5d5,U-00655,,2025-05-14,kakao,sent
REF-2de2f95f,U-01501,,2025-04-27,email,sent
REF-5c93267f,U-12769,,2025-04-13,email,sent
REF-102d2089,U-05394,,2025-02-23,kakao,sent
REF-3cbd8b1d,U-05255,,2025-03-04,link,clicked
REF-7bb76e27,U-02748,U-06476,2025-01-30,link,converted
REF-1079fbfe,U-11539,U-13889,2025-04-17,link,converted
REF-ef8b31db,U-03344,,2025-02-15,link,sent
REF-2451ce9f,U-03264,,2025-03-01,email,sent
REF-630d603f,U-01036,,2025-01-29,kakao,clicked
REF-7082cd49,U-04773,,2025-03-20,email,sent
REF-2ea99866,U-06564,,2025-02-20,link,sent
REF-e6e62d65,U-06913,,2025-04-09,email,sent
REF-fc882f41,U-09923,,2025-03-28,kakao,sent
REF-3aa4311c,U-07380,,2025-03-09,kakao,sent
REF-790d816d,U-07469,,2025-05-11,kakao,sent
REF-0a0e3653,U-05059,,2025-03-07,kakao,sent
REF-37022095,U-01375,,2025-02-03,kakao,clicked
REF-76c015c6,U-02210,,2025-03-25,kakao,clicked
REF-0843512c,U-16081,U-16495,2025-05-07,kakao,converted
REF-c92ec276,U-02067,,2025-03-12,email,sent
REF-35e79998,U-00496,,2025-04-01,link,clicked
REF-d970ba28,U-05971,,2025-04-26,kakao,clicked
REF-4809eca3,U-05394,,2025-02-02,link,sent
REF-9b685272,U-03350,U-07862,2025-02-18,kakao,converted
REF-70804975,U-04278,,2025-01-27,kakao,sent
REF-d7765558,U-06012,,2025-05-01,kakao,sent
REF-cf92e952,U-04975,,2025-03-28,link,sent
REF-5b3779f5,U-05432,,2025-03-26,kakao,sent
REF-23760eda,U-00369,,2025-05-23,link,clicked
REF-1c68265c,U-03350,,2025-01-20,kakao,clicked
REF-426e0ad5,U-03177,,2025-05-16,link,clicked
REF-ccaea84b,U-00007,,2025-03-16,link,sent
REF-e9572901,U-02102,,2025-04-28,email,sent
REF-a91d66b8,U-01498,,2025-03-11,email,clicked
REF-24608ba6,U-06754,,2025-03-29,email,sent
REF-01348030,U-04479,,2025-03-05,email,sent
REF-ba860a5e,U-05149,,2025-01-31,email,sent
REF-abaf0f38,U-08864,,2025-03-22,email,clicked
REF-0d2cbc66,U-12188,U-13123,2025-04-11,link,converted
REF-8089f91f,U-06191,,2025-04-08,link,sent
REF-cdc6e51f,U-04345,,2025-05-07,kakao,sent
REF-551d47b5,U-01958,,2025-05-11,email,clicked
REF-15675399,U-00122,,2025-03-13,email,sent
REF-caf03ce3,U-13123,,2025-05-18,kakao,clicked
REF-a3932f4d,U-06434,,2025-02-28,email,sent
REF-76bb1d95,U-07099,,2025-03-18,link,sent
REF-afff66fd,U-02665,,2025-04-06,kakao,clicked
REF-1e9ebf7d,U-00703,,2025-02-17,link,sent
REF-e42fab89,U-05041,,2025-05-17,kakao,sent
REF-103d672f,U-05075,,2025-03-27,kakao,sent
REF-03518d4c,U-16633,,2025-05-23,email,clicked
REF-75a96d6a,U-10062,,2025-05-19,kakao,clicked
REF-1a5be6c4,U-04667,,2025-01-24,kakao,sent
REF-17eb3deb,U-04569,,2025-02-27,link,sent
REF-06344d05,U-13875,,2025-05-15,link,sent
REF-2d1bbc9a,U-00072,,2025-02-06,email,sent
REF-f4846796,U-06240,,2025-03-26,kakao,clicked
REF-1d9b20b8,U-08281,,2025-04-25,email,sent
REF-58d33b5d,U-05283,,2025-04-25,link,sent
REF-e9d47358,U-05999,U-12424,2025-04-05,kakao,converted
REF-7830516a,U-04467,,2025-04-01,link,clicked
REF-0356f69f,U-03635,,2025-03-06,link,clicked
REF-fd78aa7b,U-08526,U-14816,2025-04-25,email,converted
REF-b343e707,U-05430,,2025-03-28,kakao,sent
REF-e06d1268,U-01054,,2025-03-01,link,clicked
REF-88edc59c,U-01629,,2025-04-05,kakao,clicked
REF-f74641b3,U-00899,U-17565,2025-05-15,email,converted
REF-2cf25dba,U-04569,,2025-04-26,kakao,sent
REF-809f1558,U-03739,,2025-02-09,kakao,sent
REF-04984e36,U-01229,,2025-05-17,link,sent
REF-e9fd76d9,U-00206,,2025-04-09,email,sent
REF-f104a21f,U-08039,,2025-04-02,kakao,sent
REF-4bccd473,U-00972,,2025-01-06,link,sent
REF-33b4aa96,U-03153,U-06614,2025-02-01,email,converted
REF-f1ecd1d3,U-08268,,2025-03-08,kakao,sent
REF-4e058775,U-05880,,2025-02-08,kakao,sent
REF-3862e571,U-05797,,2025-03-25,link,sent
REF-b25e5ff8,U-05253,,2025-02-22,email,sent
REF-d1ed6c11,U-10671,,2025-04-10,link,sent
REF-68dfc1a7,U-03113,,2025-02-03,link,sent
REF-8ce26523,U-04328,,2025-03-04,email,sent
REF-c3384d27,U-02558,,2025-05-04,link,clicked
REF-9f3bdb3d,U-06413,U-11156,2025-03-24,kakao,converted
REF-3979a635,U-03852,U-05911,2025-01-21,kakao,converted
REF-c37245d0,U-03177,,2025-01-08,link,sent
REF-90a7919e,U-03676,,2025-05-15,link,clicked
REF-e8274128,U-04138,U-06478,2025-01-30,link,converted
REF-9c77c0af,U-03562,,2025-03-12,email,sent
REF-150e56a6,U-07035,,2025-02-25,kakao,sent
REF-cff0908e,U-05245,,2025-04-23,kakao,sent
REF-d1a216d8,U-06416,,2025-05-06,kakao,clicked
REF-87f29478,U-12016,,2025-05-16,kakao,clicked
REF-926612ee,U-06808,,2025-03-16,email,sent
REF-b4172869,U-15545,,2025-05-24,kakao,sent
REF-538df618,U-05027,,2025-03-02,link,sent
REF-605becbc,U-06905,,2025-03-26,email,sent
REF-c3a9aad5,U-13502,,2025-05-06,kakao,clicked
REF-9f1fe89e,U-02037,,2025-03-17,kakao,sent
REF-e188823c,U-06485,,2025-03-01,kakao,sent
REF-82556df0,U-01776,,2025-02-07,link,sent
REF-ca657f5b,U-04690,,2025-03-07,kakao,clicked
REF-fc2445d4,U-10019,,2025-04-22,link,sent
REF-fb112e59,U-16525,,2025-05-22,link,clicked
REF-e594c0b5,U-12197,,2025-04-16,link,sent
REF-c6b6a241,U-09027,U-17162,2025-05-12,email,converted
REF-1686338f,U-07022,,2025-04-27,email,sent
REF-7c505148,U-05990,,2025-02-13,kakao,sent
REF-9d14a98d,U-06099,,2025-04-26,email,sent
REF-b3958b37,U-00947,,2025-03-03,email,sent
REF-19141325,U-01073,,2025-01-30,link,clicked
REF-58920c21,U-02955,U-15260,2025-04-28,kakao,converted
REF-30f6577b,U-09429,,2025-04-24,email,clicked
REF-cc0052ec,U-10161,,2025-04-21,link,clicked
REF-f3fa5c32,U-04440,,2025-03-03,link,sent
REF-7893d286,U-05059,,2025-01-10,email,sent
REF-b77873df,U-09012,U-15374,2025-04-29,email,converted
REF-d252d5ba,U-04819,,2025-02-04,kakao,sent
REF-bdc16251,U-04538,,2025-05-14,kakao,sent
REF-244f16a3,U-00611,,2025-04-28,link,clicked
REF-c4b93d5b,U-03655,,2025-04-14,kakao,sent
REF-11003f7d,U-00281,,2025-01-19,email,sent
REF-8b7c6b2f,U-01889,,2025-05-24,kakao,sent
REF-d43a9562,U-02768,,2025-05-05,email,clicked
REF-1d324264,U-05688,,2025-03-16,link,sent
REF-e0a36765,U-01273,U-06141,2025-01-25,kakao,converted
REF-2e5d2a5a,U-02397,,2025-03-18,email,sent
REF-ed3c7544,U-01375,,2025-04-27,kakao,sent
REF-54d4f381,U-08293,U-11558,2025-03-28,kakao,converted
REF-7c2aeb6c,U-09889,,2025-05-07,kakao,sent
REF-f8a24fe2,U-10596,,2025-05-01,link,sent
REF-466608e4,U-09038,U-11006,2025-03-23,email,converted
REF-71b74b0a,U-03836,U-10788,2025-03-21,link,converted
REF-66534c69,U-07765,,2025-03-19,kakao,clicked
REF-c788d06c,U-05693,,2025-05-18,kakao,sent
REF-83ef0c54,U-10130,,2025-05-06,kakao,sent
REF-4bb1b1a8,U-04077,,2025-04-03,email,sent
REF-2d623785,U-07525,,2025-02-23,email,sent
REF-9ccfc5ee,U-00134,,2025-05-22,link,sent
REF-b905090f,U-00998,,2025-03-02,kakao,sent
REF-3abe6751,U-05158,,2025-02-08,kakao,sent
REF-9703a130,U-07819,,2025-03-03,kakao,sent
REF-276d1c19,U-01914,,2025-01-18,email,clicked
REF-1177a0cb,U-04467,,2025-04-05,email,sent
REF-19dc42dc,U-04129,,2025-03-26,email,sent
REF-450bfad8,U-06469,,2025-03-30,link,clicked
REF-f0790c7b,U-11388,,2025-04-18,link,sent
REF-f6b37e64,U-06302,,2025-02-01,link,sent
REF-3aa34eb2,U-01688,,2025-05-19,link,sent
REF-15a6b910,U-08554,,2025-04-21,kakao,sent
REF-128c1088,U-06485,,2025-05-24,kakao,sent
REF-f4e117f9,U-00666,,2025-03-16,kakao,clicked
REF-96813726,U-13104,,2025-05-05,link,sent
REF-43ad8fb1,U-03655,,2025-05-12,kakao,sent
REF-aeb81355,U-08244,U-16619,2025-05-08,email,converted
REF-8beade92,U-03375,,2025-04-26,email,clicked
REF-34398636,U-10249,,2025-05-03,link,sent
REF-a9bcdfa8,U-04261,,2025-03-24,kakao,sent
REF-d8198e2c,U-08844,,2025-03-12,email,clicked
REF-c750978d,U-00114,,2025-02-15,email,clicked
REF-c443d350,U-05664,,2025-04-29,link,clicked
REF-49587c41,U-05552,,2025-05-02,email,sent
REF-d318d410,U-01558,,2025-05-06,email,sent
REF-365dc2af,U-06682,,2025-03-03,kakao,sent
REF-b8e0756f,U-02859,,2025-04-29,kakao,sent
REF-619cbffa,U-08039,,2025-04-08,email,clicked
REF-1e24a0d2,U-04467,,2025-03-12,kakao,sent
REF-e0b57073,U-03104,U-13129,2025-04-11,kakao,converted
REF-0c1b1fdb,U-03249,U-13470,2025-04-14,email,converted
REF-3cbf734c,U-03427,,2025-05-03,link,sent
REF-f69e0e90,U-06288,,2025-05-04,kakao,sent
REF-3e3e076b,U-13028,,2025-05-14,email,clicked
REF-a6ae86ff,U-06019,,2025-02-05,email,sent
REF-697c1b07,U-03528,,2025-04-06,kakao,sent
REF-4321a1f9,U-07426,,2025-02-20,email,clicked
REF-6d62ea16,U-02463,,2025-03-24,email,sent
REF-f021d251,U-07445,,2025-04-26,email,clicked
REF-52b71a52,U-05572,,2025-01-20,email,sent
REF-1b4c9aaa,U-02628,,2025-02-16,link,sent
REF-fa044bff,U-03855,U-07965,2025-02-19,link,converted
REF-42f717b8,U-07870,,2025-05-13,kakao,sent
REF-dfd353e4,U-01284,,2025-03-11,email,sent
REF-e93cc99a,U-10983,,2025-05-13,link,sent
REF-3450ac30,U-10519,,2025-05-23,link,sent
REF-ee92b362,U-11468,,2025-04-09,link,sent
REF-b06b642d,U-05931,,2025-03-27,link,sent
REF-5759c481,U-10383,,2025-04-10,link,sent
REF-1934a999,U-08277,,2025-04-12,kakao,clicked
REF-06ab2596,U-12459,,2025-05-18,kakao,sent
REF-2f42ad00,U-09744,,2025-04-15,email,clicked
REF-ac836021,U-01046,,2025-01-11,link,clicked
REF-ff28b04d,U-07380,,2025-05-15,email,clicked
REF-e4f33287,U-02551,,2025-01-28,kakao,sent
REF-26265c04,U-06903,,2025-03-05,kakao,sent
REF-ce4dcfc2,U-11005,,2025-05-16,link,sent
REF-70b966f2,U-01223,,2025-04-20,link,sent
REF-36127019,U-02441,,2025-03-31,link,sent
REF-cdc31f46,U-06664,,2025-03-05,kakao,sent
REF-82f6d999,U-09657,U-12574,2025-04-06,email,converted
REF-320c51e3,U-10596,,2025-05-02,kakao,sent
REF-96e56e56,U-01036,U-11991,2025-04-01,email,converted
REF-214bf01b,U-06156,,2025-04-29,link,sent
REF-b41b3b91,U-01688,,2025-03-09,kakao,clicked
REF-ffc3748a,U-08478,U-18206,2025-05-19,email,converted
REF-7f380900,U-15081,,2025-05-12,link,sent
REF-fd64e2b1,U-04113,U-13247,2025-04-12,link,converted
REF-cd038517,U-11185,,2025-05-25,link,sent
REF-7a8f7e9d,U-03690,,2025-01-17,link,clicked
REF-60f4d493,U-08374,,2025-04-18,email,sent
REF-0fc3f330,U-06197,,2025-04-07,kakao,sent
REF-3b2d0d9e,U-11579,,2025-04-15,kakao,clicked
REF-fa512470,U-09753,U-14197,2025-04-20,link,converted
REF-0f7d027e,U-01882,,2025-01-15,link,sent
REF-0b96a7cd,U-00815,,2025-04-28,kakao,sent
REF-4eb4086f,U-04125,,2025-01-28,email,clicked
REF-127ac4eb,U-00690,,2025-01-19,email,sent
REF-8ae20601,U-07495,U-16884,2025-05-10,kakao,converted
REF-fefee03a,U-04945,,2025-05-14,kakao,sent
REF-68477fd3,U-00826,,2025-02-08,kakao,sent
REF-86797365,U-08720,U-10070,2025-03-14,kakao,converted
REF-b4940947,U-06835,,2025-02-25,link,clicked
REF-0555e53b,U-06903,,2025-05-10,email,sent
REF-4b4cc4e2,U-11005,,2025-05-13,email,sent
REF-2d958b58,U-00826,,2025-05-17,link,clicked
REF-7db60950,U-03988,,2025-01-29,kakao,sent
REF-19b54876,U-05934,,2025-05-23,email,sent
REF-6cac8d62,U-00183,U-08857,2025-03-01,kakao,converted
REF-b1b60648,U-00325,,2025-01-12,kakao,sent
REF-c1144272,U-08086,U-11885,2025-03-31,link,converted
REF-102d6116,U-02441,,2025-01-18,kakao,clicked
REF-b3fe0354,U-01814,,2025-03-27,link,sent
REF-f3b0d686,U-07547,,2025-03-24,link,sent
REF-02d9feda,U-00953,,2025-03-29,kakao,clicked
REF-8c8b8ff3,U-07326,,2025-04-13,kakao,sent
REF-d315f753,U-08823,,2025-04-22,kakao,sent
REF-d12b1937,U-02896,,2025-05-24,email,sent
REF-4745932c,U-14001,,2025-05-04,kakao,clicked
REF-f0c6a1a4,U-04831,U-10895,2025-03-22,email,converted
REF-d892e5b9,U-04429,,2025-02-18,kakao,sent
REF-167e93bd,U-01667,U-13006,2025-04-10,kakao,converted
REF-a198e50d,U-07264,,2025-04-04,link,clicked
REF-87dd4b13,U-06099,,2025-05-09,kakao,clicked
REF-7082447b,U-02891,,2025-03-30,kakao,sent
REF-d7457180,U-05746,,2025-02-19,kakao,sent
REF-062d8407,U-16633,,2025-05-13,email,sent
REF-2a496ccd,U-11281,,2025-03-28,email,sent
REF-fd79ce7a,U-04532,,2025-02-16,kakao,sent
REF-3f0068f3,U-08512,,2025-03-18,kakao,clicked
REF-ef6fe103,U-02760,,2025-01-09,email,clicked
REF-7a45966b,U-07740,U-16774,2025-05-09,email,converted
REF-311665a8,U-04530,U-17569,2025-05-15,link,converted
REF-07940c48,U-10994,,2025-05-25,link,clicked
REF-600a018c,U-11281,,2025-04-13,email,clicked
REF-b3caec45,U-05636,U-05834,2025-01-20,email,converted
REF-a985d7c1,U-02037,,2025-01-10,email,clicked
REF-17f7025a,U-11039,U-14438,2025-04-22,kakao,converted
REF-f3ff1dc0,U-01335,,2025-03-29,link,sent
REF-0e4491dc,U-09165,,2025-04-21,kakao,sent
REF-8e8986fa,U-06789,U-10166,2025-03-15,email,converted
REF-2b11edbe,U-09616,,2025-05-23,link,sent
REF-b4ff70ab,U-09244,,2025-04-24,link,sent
REF-8feec96f,U-11603,,2025-05-20,email,sent
REF-b40766d9,U-01116,,2025-05-14,link,sent
REF-c0460647,U-06479,,2025-02-04,email,sent
REF-5887ebb5,U-10378,,2025-05-10,email,sent
REF-b87cbb59,U-07341,U-14683,2025-04-24,email,converted
REF-fba2527a,U-05572,,2025-04-13,email,clicked
REF-40264c63,U-03119,,2025-02-11,link,sent
REF-14e72f6d,U-04932,,2025-03-21,email,sent
REF-c447813b,U-04278,,2025-04-26,email,sent
REF-b326bd8c,U-00830,U-15840,2025-05-02,link,converted
REF-13a8366d,U-00399,,2025-02-07,link,clicked
REF-96c44f20,U-07469,,2025-05-10,email,sent
REF-2ac02a37,U-04107,,2025-05-24,link,clicked
REF-bc6be340,U-05504,,2025-03-07,kakao,clicked
REF-897e5b67,U-02364,,2025-02-23,email,sent
REF-72cf435b,U-01409,,2025-04-05,email,sent
REF-ae2ad3c0,U-04978,,2025-04-27,kakao,sent
REF-b629a0ca,U-05572,,2025-03-29,kakao,sent
REF-495421ea,U-05102,,2025-02-03,email,sent
REF-2215b53a,U-02915,,2025-01-21,kakao,sent
REF-0bcba9b7,U-14042,U-15269,2025-04-28,link,converted
REF-f7fda2ab,U-04135,,2025-03-01,kakao,clicked
REF-6ec33f86,U-04527,,2025-02-01,kakao,sent
REF-311a9dac,U-02242,,2025-02-27,email,sent
REF-a7df291f,U-00392,,2025-03-17,kakao,sent
REF-5efaad54,U-03226,,2025-03-30,email,clicked
REF-e13a65ec,U-01655,U-08303,2025-02-23,email,converted
REF-e938f4b4,U-07943,,2025-05-04,kakao,clicked
REF-09fb9744,U-09334,,2025-04-05,email,sent
REF-f6f43bb6,U-04974,U-08861,2025-03-01,email,converted
REF-01405194,U-05303,,2025-03-11,link,clicked
REF-c97fbc4e,U-05637,U-06686,2025-02-02,email,converted
REF-56549586,U-01652,,2025-03-06,link,sent
REF-a41cd0de,U-05646,,2025-02-11,link,clicked
REF-59620419,U-00107,,2025-01-29,email,sent
REF-91c5cb66,U-05346,,2025-03-27,email,sent
REF-e92e3b95,U-01848,U-18516,2025-05-21,kakao,converted
REF-0aa58eb8,U-09832,,2025-04-09,kakao,sent
REF-256b3896,U-01315,,2025-04-19,email,sent
REF-5828de3b,U-10715,U-12193,2025-04-03,email,converted
REF-da5b5431,U-06051,,2025-04-04,kakao,sent
REF-b869ae65,U-04278,,2025-05-12,link,clicked
REF-2ac704ff,U-06069,,2025-05-13,email,sent
REF-c29307bb,U-02642,,2025-05-18,kakao,sent
REF-c1dbec3e,U-06996,,2025-05-01,link,sent
REF-ddfed42a,U-07338,,2025-05-24,email,clicked
REF-df8733c9,U-09015,,2025-05-14,link,sent
REF-cfc52f43,U-09097,,2025-03-06,link,sent
REF-f043e8d6,U-09098,U-16497,2025-05-07,email,converted
REF-a706475b,U-09165,,2025-04-03,email,sent
REF-a5a65b88,U-02566,,2025-03-17,link,clicked
REF-2a6e200d,U-08225,,2025-04-09,link,sent
REF-5b1d542f,U-01498,,2025-03-05,email,clicked
REF-1bab1974,U-06023,,2025-03-18,link,clicked
REF-8c901026,U-10516,,2025-04-13,kakao,clicked
REF-57999f3e,U-03825,,2025-02-03,kakao,sent
REF-d43488da,U-02850,,2025-02-09,email,sent
REF-bbfb491e,U-06338,,2025-05-18,kakao,sent
REF-60531f60,U-04707,,2025-02-14,email,sent
REF-4e19de15,U-04993,,2025-04-17,kakao,sent
REF-191f91f1,U-06904,U-12773,2025-04-08,kakao,converted
REF-26ad03b2,U-11705,,2025-05-17,email,sent
REF-741ac93f,U-08212,,2025-05-05,email,sent
REF-dd775afa,U-06023,U-10180,2025-03-15,email,converted
REF-32776e77,U-01566,,2025-01-27,email,sent
REF-f209fc6e,U-08442,U-16895,2025-05-10,link,converted
REF-1334736a,U-08023,U-13618,2025-04-15,email,converted
REF-89b6227f,U-02188,,2025-04-19,email,sent
REF-7df25e74,U-07712,,2025-04-27,email,clicked
REF-7cadcdc2,U-05552,,2025-04-05,email,sent
REF-7d445ee6,U-05187,,2025-01-19,link,clicked
REF-7d2013b8,U-00947,,2025-03-04,link,sent
REF-4683e6b8,U-00809,,2025-03-06,link,sent
REF-538e80b9,U-07234,,2025-05-03,email,sent
REF-804e1413,U-03655,,2025-04-03,email,sent
REF-793e49a6,U-01045,,2025-03-05,link,sent
REF-5fb414ee,U-08108,,2025-03-22,kakao,sent
REF-9cae8e6c,U-04545,,2025-02-22,email,sent
REF-50db580f,U-08129,U-16904,2025-05-10,link,converted
REF-c97bc5cb,U-07234,U-07802,2025-02-17,link,converted
REF-164cc121,U-06645,,2025-02-23,link,clicked
REF-55b71a41,U-01176,,2025-01-15,link,sent
REF-16b1a5f3,U-01599,U-11652,2025-03-29,email,converted
REF-c71070b3,U-00212,,2025-05-10,email,sent
REF-801a300f,U-05246,,2025-01-24,email,sent
REF-3f5eb6fe,U-13054,,2025-04-27,kakao,sent
REF-eff0ed37,U-00987,U-10596,2025-03-19,email,converted
REF-83acb1c5,U-06621,,2025-03-30,link,sent
REF-e0cdc77c,U-08189,U-15290,2025-04-28,link,converted
REF-9144eaaf,U-04711,,2025-04-28,link,sent
REF-5c3d802c,U-04413,,2025-01-12,kakao,sent
REF-f326244b,U-05102,,2025-02-06,email,sent
REF-2fee5517,U-09444,U-18542,2025-05-21,kakao,converted
REF-cdd1f60d,U-07152,,2025-04-03,email,sent
REF-43ba23ad,U-05552,,2025-04-28,link,sent
REF-f6fb4e36,U-11656,U-12663,2025-04-07,email,converted
REF-458b3308,U-03208,,2025-02-10,kakao,clicked
REF-aa957c31,U-08344,,2025-03-11,link,sent
REF-9575bd90,U-03432,,2025-02-16,email,sent
REF-ba44ee89,U-00712,,2025-04-17,kakao,sent
REF-169f8c1f,U-06252,,2025-02-08,kakao,sent
REF-c74ee7e0,U-10801,,2025-04-15,kakao,clicked
REF-50ed829f,U-03852,,2025-02-03,link,sent
REF-90d36c93,U-04599,U-10072,2025-03-14,kakao,converted
REF-d7fe7294,U-06645,,2025-03-02,link,sent
REF-68144aa4,U-02091,,2025-03-31,kakao,sent
REF-b74cad48,U-04479,,2025-02-28,link,sent
REF-5fba29dd,U-15877,,2025-05-25,link,sent
REF-17834dce,U-05755,,2025-05-09,link,sent
REF-ca02a901,U-07745,,2025-03-02,email,sent
REF-4f6a6fa6,U-00703,,2025-02-28,link,sent
REF-bca469ef,U-06211,,2025-02-18,link,clicked
REF-0fca7469,U-01129,,2025-03-16,link,clicked
REF-6c727f98,U-09123,,2025-05-03,link,clicked
REF-fd1e6ab9,U-07186,,2025-04-22,link,sent
REF-f294f301,U-01356,,2025-01-19,kakao,clicked
REF-98ccd498,U-05283,U-17582,2025-05-15,email,converted
REF-ec2da197,U-05792,,2025-04-11,link,clicked
REF-c31de20b,U-06109,,2025-04-12,email,sent
REF-0374fc1e,U-08511,,2025-03-22,email,sent
REF-8c8a456b,U-04819,,2025-04-24,link,sent
REF-b52cf846,U-05636,,2025-04-18,link,sent
REF-866bc41e,U-06835,,2025-04-22,kakao,sent
REF-51d813b3,U-05607,,2025-01-23,link,sent
REF-334a3775,U-13473,,2025-04-22,email,sent
REF-9f012e43,U-03681,,2025-02-21,kakao,sent
REF-77ffc755,U-12694,,2025-05-07,link,clicked
REF-746db152,U-02726,,2025-01-10,kakao,sent
REF-e64aecb2,U-00818,,2025-01-30,kakao,clicked
REF-bab33015,U-05958,,2025-02-17,kakao,clicked
REF-b4b8b04d,U-05492,,2025-05-03,email,sent
REF-c8358d6e,U-07812,,2025-04-12,kakao,clicked
REF-84617022,U-00369,,2025-02-04,kakao,clicked
REF-f0bd542c,U-09468,U-18909,2025-05-24,kakao,converted
REF-6b707619,U-02978,U-05599,2025-01-16,link,converted
REF-3bb972f5,U-04188,,2025-05-11,link,sent
REF-6ecfb19c,U-00899,,2025-03-18,kakao,sent
REF-dee94b2c,U-06407,,2025-04-14,link,sent
REF-1312df15,U-08892,,2025-04-18,email,sent
REF-7ac947ad,U-04711,,2025-03-02,link,clicked
REF-22e573ab,U-00785,,2025-02-23,kakao,sent
REF-d4e07cde,U-05142,,2025-05-04,kakao,sent
REF-ce6e56a2,U-00621,,2025-01-23,kakao,sent
REF-df6d284f,U-09012,,2025-05-25,email,sent
REF-4867a94a,U-06533,,2025-03-18,link,sent
REF-b8543dc2,U-08811,,2025-03-16,email,sent
REF-f02383eb,U-08407,,2025-03-09,email,sent
REF-205067b9,U-04569,,2025-01-24,email,sent
REF-a736eab3,U-01442,,2025-01-29,email,sent
REF-204d67c5,U-15416,,2025-05-23,kakao,sent
REF-41277155,U-07943,,2025-05-04,email,clicked
REF-ebea5519,U-02861,,2025-01-06,kakao,sent
REF-4173d755,U-06361,,2025-02-11,email,sent
REF-e06777d8,U-12870,,2025-05-19,link,sent
REF-84a85289,U-01816,,2025-01-19,link,clicked
REF-041a6ef1,U-03208,,2025-04-25,link,clicked
REF-94565330,U-02217,,2025-03-05,link,clicked
REF-40973ffc,U-04990,U-13131,2025-04-11,email,converted
REF-18a22833,U-08488,,2025-04-07,kakao,sent
REF-e9b0021e,U-04802,U-09097,2025-03-04,kakao,converted
REF-7d31e933,U-02626,,2025-01-17,link,sent
REF-c0cfddad,U-00558,,2025-05-17,email,sent
REF-e897112b,U-02023,,2025-01-19,kakao,clicked
REF-1d676f76,U-02765,,2025-03-17,link,sent
REF-23d0bedb,U-00841,,2025-01-17,link,sent
REF-17c474e6,U-02596,U-10362,2025-03-17,link,converted
REF-66010cd1,U-09930,,2025-05-01,link,sent
REF-73867e4f,U-11338,,2025-05-25,kakao,sent
REF-c23ba792,U-03434,,2025-04-24,email,sent
REF-321f4fde,U-13176,,2025-05-14,link,sent
REF-ff902be1,U-02164,,2025-04-18,link,clicked
REF-63f44f2a,U-03979,,2025-03-31,email,sent
REF-3df9bc93,U-02164,U-17427,2025-05-14,kakao,converted
REF-8d0e9c0c,U-07922,,2025-04-15,kakao,sent
REF-024c9f79,U-08169,,2025-05-13,email,sent
REF-c6e4efff,U-01433,,2025-01-22,kakao,sent
REF-36864a0a,U-00660,,2025-01-08,email,sent
REF-449ca556,U-01423,,2025-03-05,kakao,sent
REF-41f5b270,U-03785,,2025-02-22,email,sent
REF-0383ffc3,U-06614,,2025-04-30,link,clicked
REF-efe78346,U-04723,,2025-03-26,kakao,clicked
REF-68c7da60,U-11276,,2025-04-18,kakao,sent
REF-e4ccdd6d,U-04730,,2025-01-23,link,clicked
REF-3f2a27b0,U-02972,,2025-02-03,email,clicked
REF-f0e40dbc,U-06756,,2025-02-28,kakao,clicked
REF-b84887ee,U-09320,,2025-04-14,email,clicked
REF-8c91d2a0,U-03591,,2025-02-15,email,sent
REF-259b0922,U-00425,,2025-03-07,link,sent
REF-d3673637,U-00369,,2025-04-21,link,clicked
REF-5403fe5a,U-09987,,2025-03-22,kakao,sent
REF-21d7fdec,U-12845,,2025-05-20,kakao,clicked
REF-eb7eedc1,U-05892,U-14684,2025-04-24,email,converted
REF-1cd499f3,U-00150,,2025-04-26,email,clicked
REF-b9c7e024,U-00325,,2025-01-08,email,sent
REF-9bcd6364,U-03940,,2025-04-05,kakao,clicked
REF-f46de9cb,U-09459,,2025-05-02,link,clicked
REF-45756677,U-06234,,2025-04-25,kakao,clicked
REF-7abe5f64,U-05921,,2025-02-15,kakao,clicked
REF-fb63bdaf,U-05590,,2025-04-16,link,clicked
REF-831bbe81,U-08442,,2025-03-31,email,sent
REF-bb21d701,U-05580,U-14975,2025-04-26,kakao,converted
REF-95b1e902,U-03264,,2025-05-08,email,clicked
REF-9230fb3e,U-08081,,2025-04-28,kakao,sent
REF-68504354,U-07450,,2025-05-09,link,clicked
REF-0b9763a0,U-04212,U-18231,2025-05-19,email,converted
REF-75a37ff3,U-11932,,2025-05-14,email,sent
REF-da977428,U-10238,U-18552,2025-05-21,link,converted
REF-a0a26427,U-00846,,2025-02-23,link,clicked
REF-32aa5d64,U-07647,,2025-04-15,link,sent
REF-e4b67561,U-02152,,2025-02-14,email,sent
REF-f43e7946,U-03646,,2025-01-17,kakao,clicked
REF-336bd118,U-02111,,2025-05-13,link,clicked
REF-c6c910e1,U-02382,,2025-02-03,link,sent
REF-fa9f8709,U-02729,,2025-03-01,kakao,sent
REF-90c606a8,U-02292,,2025-04-12,email,sent
REF-094b1e1e,U-02508,,2025-01-30,kakao,clicked
REF-2777ee0b,U-01655,,2025-03-06,email,sent
REF-d5cfec06,U-03954,,2025-01-28,email,sent
REF-a4314f54,U-09089,,2025-03-10,kakao,sent
REF-4193aa9b,U-11663,,2025-05-22,email,clicked
REF-9b504152,U-03912,,2025-03-08,kakao,clicked
REF-5d69d19e,U-05964,,2025-02-02,kakao,sent
REF-2f9d7f27,U-02679,,2025-02-03,email,clicked
REF-ea5914bd,U-03570,,2025-01-09,kakao,sent
REF-e96f8bf1,U-02311,,2025-02-08,kakao,sent
REF-bfb9816c,U-04345,,2025-01-14,link,clicked
REF-3887c816,U-00836,,2025-01-20,kakao,sent
REF-f2ec1b7f,U-01664,,2025-03-31,email,sent
REF-775f4e68,U-02527,,2025-04-30,kakao,sent
REF-fece73d9,U-02072,U-09985,2025-03-13,email,converted
REF-9c4f6905,U-05607,U-10796,2025-03-21,email,converted
REF-d6f58653,U-06793,,2025-03-13,link,sent
REF-2f1325da,U-09634,,2025-04-02,email,sent
REF-4d42e9c2,U-02326,U-05768,2025-01-19,email,converted
REF-cfa69942,U-00221,,2025-03-17,kakao,clicked
REF-480739b6,U-03879,U-12443,2025-04-05,link,converted
REF-822c43e0,U-06096,U-07069,2025-02-08,kakao,converted
REF-0bc65a0f,U-05931,,2025-03-29,kakao,sent
REF-b70256be,U-10743,,2025-04-22,kakao,sent
REF-d42b5592,U-05065,,2025-01-30,kakao,sent
REF-9bd08dfb,U-00210,,2025-02-07,link,sent
REF-a748bdc6,U-05662,,2025-05-18,email,clicked
REF-8b58bf04,U-12842,,2025-04-25,kakao,clicked
REF-4a821b3d,U-01185,,2025-02-27,email,sent
REF-6fbc2521,U-04945,,2025-01-10,email,sent
REF-c8e1252b,U-02619,,2025-05-08,kakao,sent
REF-db087f62,U-04077,,2025-03-12,kakao,sent
REF-088f9049,U-00114,U-06927,2025-02-06,link,converted
REF-50741864,U-02016,,2025-04-09,email,clicked
REF-818add42,U-03867,,2025-01-06,email,sent
REF-84c68ce2,U-04796,,2025-01-11,link,sent
REF-ac97573a,U-03528,,2025-03-24,email,sent
REF-85ffb18a,U-09258,,2025-05-23,kakao,clicked
REF-42ac8d48,U-03836,,2025-04-14,email,sent
REF-aacc8b99,U-07796,,2025-04-06,kakao,sent
REF-ebe0f3cc,U-09488,,2025-05-09,link,sent
REF-937b3ba0,U-00277,,2025-02-01,email,clicked
REF-1eb6c6d6,U-09459,,2025-05-15,email,sent
REF-ffc54811,U-09769,U-18017,2025-05-18,kakao,converted
REF-a81af680,U-03009,,2025-01-31,link,clicked
REF-f84c3773,U-11180,U-12686,2025-04-07,kakao,converted
REF-dc065652,U-14047,,2025-04-30,kakao,sent
REF-8d0e41c8,U-04932,,2025-01-15,link,clicked
REF-fe940652,U-04260,U-11668,2025-03-29,email,converted
REF-689a0286,U-02448,,2025-01-22,email,sent
REF-765a73e1,U-01241,,2025-04-25,link,sent
REF-aa40302e,U-01375,,2025-01-17,email,sent
REF-b7014a33,U-05342,U-07170,2025-02-09,link,converted
REF-bcddea7a,U-03635,,2025-05-16,link,sent
REF-18fad734,U-02023,,2025-02-05,kakao,sent
REF-cdb89649,U-03986,,2025-03-20,link,sent
REF-44c20faf,U-06795,U-08189,2025-02-22,email,converted
REF-cfe00b6d,U-11579,U-17434,2025-05-14,email,converted
REF-e143fd77,U-02359,,2025-02-28,email,sent
REF-6d2ebb70,U-00864,,2025-03-04,kakao,sent
REF-499c4480,U-07227,,2025-05-12,kakao,sent
REF-518784f8,U-02037,,2025-03-08,email,clicked
REF-e02657f4,U-02926,,2025-05-23,email,clicked
REF-167a746a,U-06114,,2025-03-18,email,clicked
REF-94ae4798,U-13937,U-17356,2025-05-13,email,converted
REF-612561cc,U-00312,,2025-04-25,kakao,clicked
REF-3efadd77,U-04497,,2025-03-25,email,sent
REF-788bbf26,U-07729,,2025-03-06,kakao,sent
REF-9fa3cd5e,U-01075,,2025-04-06,link,sent
REF-b41e62fd,U-06032,,2025-03-29,kakao,clicked
REF-3bceed3a,U-05312,,2025-04-20,kakao,sent
REF-591d33ea,U-05065,,2025-04-28,kakao,sent
REF-ebc8106c,U-04135,,2025-02-14,link,sent
REF-a391363c,U-07010,,2025-02-18,kakao,clicked
REF-844038e1,U-00132,,2025-05-23,kakao,sent
REF-2f5eb758,U-07053,,2025-05-21,email,sent
REF-1f2f655b,U-00330,U-15106,2025-04-27,link,converted
REF-781bcf71,U-01699,,2025-04-01,email,sent
REF-ce2639ef,U-02679,,2025-05-08,email,sent
REF-6df71790,U-10208,,2025-03-27,email,sent
REF-45720136,U-07937,,2025-04-17,link,sent
REF-f95b43be,U-00084,,2025-03-08,email,clicked
REF-c7103062,U-00084,,2025-01-13,email,sent
REF-0f0666a9,U-10130,,2025-03-27,link,sent
REF-17ca62e9,U-00792,,2025-04-21,kakao,sent
REF-6ce7ccc3,U-02483,,2025-03-13,kakao,sent
REF-043ef0db,U-01005,,2025-01-12,email,clicked
REF-4c713dbb,U-07824,,2025-04-16,email,clicked
REF-05c26ecc,U-07998,,2025-04-15,email,sent
REF-95248701,U-03682,,2025-03-20,link,sent
REF-4ad0845d,U-05990,,2025-04-04,email,clicked
REF-6959b2bc,U-01323,,2025-03-13,link,sent
REF-6a6ea808,U-03786,,2025-04-16,link,clicked
REF-25fdd491,U-10161,,2025-04-05,kakao,sent
REF-dc34090e,U-05583,,2025-03-14,email,clicked
REF-8bf4f55b,U-02798,,2025-02-21,kakao,clicked
REF-2441b957,U-02685,,2025-03-24,email,sent
REF-77af9a8a,U-06925,,2025-02-20,kakao,sent
REF-b082a2f4,U-01274,U-14978,2025-04-26,kakao,converted
REF-16ec8004,U-08989,,2025-03-25,kakao,sent
REF-1bc4226c,U-00345,U-06528,2025-01-31,kakao,converted
REF-99ec2ad2,U-05921,,2025-04-25,email,sent
REF-138389dc,U-15219,,2025-05-03,link,clicked
REF-62a65369,U-03236,,2025-01-30,email,sent
REF-be631ed3,U-06754,,2025-04-13,link,sent
REF-d3efe3c9,U-03208,,2025-03-22,email,sent
REF-b6204c57,U-12355,,2025-05-12,link,sent
REF-4902a12d,U-06615,,2025-02-14,kakao,sent
REF-64a80491,U-01748,,2025-04-14,kakao,sent
REF-5d60e52b,U-05935,,2025-01-26,link,sent
REF-550fb331,U-10299,,2025-03-27,link,sent
REF-1b724598,U-02515,U-06890,2025-02-05,kakao,converted
REF-e7744d95,U-03294,,2025-04-04,kakao,sent
REF-f75bf3e6,U-06096,U-16208,2025-05-05,kakao,converted
REF-ad5a9e80,U-06240,,2025-04-04,link,clicked
REF-f3408cd6,U-00818,U-11890,2025-03-31,kakao,converted
REF-58ac9a3e,U-02292,,2025-01-16,kakao,sent
REF-9fedcb16,U-02125,,2025-02-03,email,sent
REF-e91d94e2,U-12695,,2025-05-19,link,sent
REF-1f946ccf,U-02119,,2025-04-21,email,sent
REF-9d1340c6,U-06240,,2025-02-25,link,sent
REF-b8e4bcf5,U-15952,,2025-05-11,link,sent
REF-07997ad1,U-00222,,2025-02-11,kakao,sent
REF-763aef1b,U-02763,,2025-04-21,email,clicked
REF-8b431556,U-06091,,2025-02-13,link,clicked
REF-0433e9a1,U-03543,,2025-02-27,kakao,clicked
REF-f3b793f2,U-00784,U-11019,2025-03-23,link,converted
REF-f98cc1f7,U-09194,,2025-04-05,email,sent
REF-253d700a,U-05990,,2025-05-24,kakao,sent
REF-c4628c8a,U-12580,,2025-04-30,email,sent
REF-93190845,U-05324,,2025-03-29,kakao,sent
REF-5170141a,U-00072,,2025-03-20,kakao,sent
REF-92cdf4c4,U-10041,,2025-05-13,link,clicked
REF-368af285,U-09638,U-13941,2025-04-18,email,converted
REF-27d029f7,U-07362,,2025-03-12,email,sent
REF-7da75cf4,U-05642,,2025-02-15,kakao,sent
REF-db148261,U-05755,,2025-03-10,email,sent
REF-1c821905,U-00463,,2025-01-17,kakao,sent
REF-0ef70ac4,U-10513,,2025-05-05,email,clicked
REF-61800810,U-02397,,2025-02-14,kakao,sent
REF-c84f5fa2,U-05395,,2025-02-20,link,sent
REF-62792784,U-01684,,2025-02-08,link,sent
REF-00cd098b,U-01176,,2025-02-07,kakao,clicked
REF-b4df629d,U-10458,,2025-03-24,kakao,clicked
REF-c9f86af2,U-10983,,2025-03-26,email,sent
REF-3382ba6a,U-08441,,2025-04-21,email,sent
REF-acbac607,U-05721,,2025-05-21,link,sent
REF-5ebb2c77,U-07860,,2025-04-13,kakao,sent
REF-a0ecacfd,U-05579,,2025-02-26,email,clicked
REF-6bda6e03,U-10677,,2025-04-21,email,sent
REF-585ba65c,U-06478,,2025-02-25,link,sent
REF-f37d2c26,U-07002,,2025-03-10,email,sent
REF-fb9de475,U-07074,,2025-03-05,kakao,clicked
REF-9f2e3a12,U-01498,,2025-03-13,link,sent
REF-9aaed58b,U-01856,,2025-05-19,link,sent
REF-12939399,U-10711,U-14216,2025-04-20,kakao,converted
REF-ae57da47,U-04693,,2025-04-22,kakao,sent
REF-1dfef2e9,U-00949,U-06901,2025-02-05,email,converted
REF-b5a44ed1,U-02726,U-18642,2025-05-22,link,converted
REF-e63827f3,U-06083,,2025-04-07,email,sent
REF-276d28fb,U-03612,U-09545,2025-03-08,kakao,converted
REF-6a08ae78,U-04380,,2025-03-16,email,sent
REF-18273af3,U-01874,,2025-04-24,email,sent
REF-00dca42b,U-01170,,2025-05-03,email,sent
REF-5fac1b0f,U-05577,,2025-04-25,email,clicked
REF-c0d7bec6,U-09542,U-15677,2025-05-01,link,converted
REF-b6e48c68,U-00090,,2025-04-21,link,clicked
REF-598d059b,U-08846,,2025-03-20,kakao,clicked
REF-6937d4e9,U-05301,,2025-05-17,kakao,clicked
REF-e7f5eee4,U-04125,U-09555,2025-03-08,link,converted
REF-04657a9d,U-05042,,2025-03-28,kakao,sent
REF-02e94335,U-04842,,2025-02-22,email,sent
REF-1da78cb6,U-00285,,2025-04-05,email,sent
REF-d70eab65,U-02797,,2025-05-17,email,sent
REF-55e2a128,U-07550,,2025-05-15,email,sent
REF-571c5c01,U-08746,,2025-03-12,kakao,sent
REF-a7b93376,U-04832,,2025-04-26,email,sent
REF-7f64fee0,U-15051,,2025-05-24,kakao,sent
REF-436c6e63,U-13142,,2025-05-04,email,sent
REF-8ffd59d2,U-10441,,2025-05-25,kakao,sent
REF-24924e8b,U-00618,,2025-03-15,link,clicked
REF-18bd37e3,U-07884,,2025-03-23,link,clicked
REF-2ca03c3c,U-09253,,2025-04-20,kakao,clicked
REF-809d3adf,U-03177,,2025-02-13,link,clicked
REF-814f75c6,U-05318,,2025-04-15,email,sent
REF-de9b2924,U-06563,U-15427,2025-04-29,email,converted
REF-53c77ba9,U-01726,,2025-02-20,email,clicked
REF-0b8c6288,U-04429,,2025-04-29,link,sent
REF-3f297afe,U-03226,U-05600,2025-01-16,link,converted
REF-bbba3026,U-01635,,2025-02-27,kakao,sent
REF-f36796e5,U-08483,,2025-03-17,email,clicked
REF-3601811f,U-02798,,2025-05-24,kakao,clicked
REF-21181b4d,U-03650,,2025-03-18,link,sent
REF-d866822c,U-10355,,2025-05-08,link,clicked
REF-4d88c5f6,U-04260,,2025-03-15,email,clicked
REF-7b3e841c,U-03433,,2025-02-01,link,sent
REF-0770febd,U-07079,,2025-05-15,kakao,sent
REF-1d5c15f2,U-10134,U-13013,2025-04-10,kakao,converted
REF-93f2adaa,U-09923,U-17016,2025-05-11,link,converted
REF-a1146f08,U-09468,,2025-04-08,email,sent
REF-5931ed2a,U-02364,,2025-05-07,link,sent
REF-2c0e20dd,U-05696,,2025-03-01,link,sent
REF-379ec59b,U-01468,,2025-05-09,link,sent
REF-cab99716,U-05269,,2025-05-13,link,sent
REF-8aa3676c,U-02566,,2025-05-08,email,sent
REF-d2595185,U-02972,U-10728,2025-03-20,link,converted
REF-7dd33bba,U-08844,,2025-04-29,link,sent
REF-2079bdb0,U-05089,,2025-02-16,email,clicked
REF-f6426323,U-05931,,2025-04-13,kakao,sent
REF-751bc7d6,U-04964,,2025-01-31,link,sent
REF-bda398de,U-01679,,2025-02-18,link,sent
REF-bc9eb66f,U-02748,,2025-01-31,kakao,sent
REF-e8afd7bb,U-10453,,2025-04-04,email,clicked
REF-b2931974,U-11287,,2025-05-03,email,sent
REF-36de6825,U-00497,,2025-04-23,email,sent
REF-e2e3aad5,U-13366,,2025-05-14,kakao,sent
REF-2e1f754e,U-06363,,2025-05-04,email,sent
REF-3c0a145a,U-07620,,2025-05-19,kakao,sent
REF-35980c84,U-02973,,2025-05-13,email,sent
REF-46352fb7,U-03939,,2025-01-09,kakao,sent
REF-193c000e,U-09524,,2025-05-14,email,sent
REF-076a2b0d,U-04584,U-12093,2025-04-02,email,converted
REF-1bd971d0,U-02406,,2025-05-11,email,sent
REF-2c6e4b0c,U-02922,,2025-04-28,kakao,sent
REF-99a370b9,U-03635,,2025-02-05,link,clicked
REF-68550acb,U-05688,,2025-05-06,link,sent
REF-ecf9eb27,U-03273,,2025-04-12,link,sent
REF-4c0cd63f,U-03666,,2025-05-21,kakao,sent
REF-7b5bf6af,U-14975,,2025-04-30,link,sent
REF-7b7d5dcd,U-03408,,2025-02-25,email,clicked
REF-804bfaf3,U-01599,,2025-05-03,kakao,clicked
REF-a7f388f1,U-11247,,2025-05-20,email,sent
REF-790015e0,U-15291,,2025-05-11,kakao,sent
REF-cd2bbf30,U-02406,,2025-05-13,link,sent
REF-dc56c527,U-02199,,2025-01-22,link,sent
REF-df4f6b1d,U-03860,,2025-05-08,link,clicked
REF-4f16c191,U-04987,,2025-04-01,link,sent
REF-2dadf23e,U-02420,,2025-01-19,kakao,sent
REF-e86d1f92,U-11065,,2025-05-15,email,sent
REF-cb9cee2e,U-15333,,2025-05-03,email,sent
REF-9761dc2d,U-12873,,2025-04-28,link,sent
REF-b19841cc,U-09042,,2025-05-25,email,sent
REF-8bfb32b2,U-00875,U-09209,2025-03-05,email,converted
REF-1003a28e,U-03302,,2025-05-18,kakao,sent
REF-8da40adb,U-09461,U-12689,2025-04-07,link,converted
REF-d266f0b4,U-08679,,2025-03-30,kakao,sent
REF-7f043b48,U-05781,,2025-02-04,kakao,sent
REF-b42a6c12,U-08452,,2025-04-19,email,clicked
REF-e950f4d0,U-05119,,2025-05-06,link,sent
REF-57912182,U-06006,,2025-02-18,link,clicked
REF-a97a2a72,U-04602,,2025-02-06,kakao,clicked
REF-55979e68,U-00914,,2025-04-14,email,sent
REF-34d0887d,U-02685,,2025-01-22,link,clicked
REF-7de2f927,U-04175,,2025-03-18,email,sent
REF-3bd1da13,U-07937,,2025-05-19,link,clicked
REF-11161500,U-08134,,2025-04-17,email,sent
REF-5d8c7804,U-08413,U-17593,2025-05-15,link,converted
REF-bf550a7b,U-07424,,2025-04-19,email,sent
REF-73c20ce8,U-07490,,2025-03-29,email,sent
REF-207438e0,U-00386,,2025-04-24,email,sent
REF-2b1fbe06,U-05971,,2025-01-24,kakao,clicked
REF-512ac98e,U-07793,,2025-05-05,email,sent
REF-8e6e85f2,U-08737,,2025-05-02,email,clicked
REF-ca8836a0,U-03570,U-06206,2025-01-26,email,converted
REF-83d973d6,U-00712,,2025-01-08,kakao,sent
REF-10aa9f18,U-10812,,2025-05-23,kakao,clicked
REF-6d7b07b1,U-13539,,2025-05-10,email,sent
REF-c539ed16,U-00256,,2025-03-03,link,sent
REF-375c25b4,U-05572,,2025-01-28,email,sent
REF-ab7ac066,U-04278,,2025-02-04,kakao,sent
REF-c4a0626c,U-06539,,2025-02-26,link,clicked
REF-9697c095,U-14393,,2025-05-03,email,sent
REF-639252f3,U-01679,,2025-01-26,kakao,sent
REF-5f599f81,U-02515,U-07012,2025-02-07,kakao,converted
REF-44ef8013,U-06804,U-13016,2025-04-10,email,converted
REF-37489fe4,U-09832,,2025-05-18,kakao,sent
REF-2bcd35a2,U-03544,,2025-02-25,email,sent
REF-7085e5a7,U-05175,,2025-01-26,kakao,clicked
REF-5049314e,U-00164,U-07721,2025-02-16,kakao,converted
REF-58d062db,U-01223,,2025-04-09,kakao,sent
REF-28603cae,U-00885,,2025-04-18,link,clicked
REF-e82d39b0,U-02896,,2025-04-03,kakao,sent
REF-90cc7e41,U-00450,,2025-02-21,kakao,clicked
REF-9a85100f,U-08277,,2025-02-26,email,sent
REF-f4a2e5b1,U-12845,,2025-05-17,kakao,clicked
REF-e33e6ad4,U-07005,U-12696,2025-04-07,link,converted
REF-ae425a89,U-02209,,2025-05-15,kakao,sent
REF-6cb4afc4,U-05490,,2025-02-09,kakao,sent
REF-5af11f41,U-09163,,2025-04-14,kakao,sent
REF-c520ed0f,U-01874,,2025-02-21,link,sent
REF-c153d516,U-02811,,2025-03-01,kakao,sent
REF-422b03d8,U-04735,,2025-05-14,link,sent
REF-658fc323,U-03210,,2025-03-31,email,sent
REF-018ca153,U-02761,U-07377,2025-02-12,kakao,converted
REF-a41ffe40,U-05629,U-07452,2025-02-13,link,converted
REF-5674407b,U-03219,U-10819,2025-03-21,kakao,converted
REF-61df9911,U-14452,U-16795,2025-05-09,kakao,converted
REF-6ae984e8,U-02148,U-09226,2025-03-05,kakao,converted
REF-033eec56,U-03940,,2025-04-08,kakao,clicked
REF-9fbeebd1,U-05438,,2025-05-23,link,clicked
REF-e723df8d,U-04425,,2025-03-22,link,sent
REF-9e8c86f2,U-03249,,2025-04-08,link,sent
REF-39a4441e,U-01394,,2025-02-16,email,clicked
REF-b7c1274e,U-07513,,2025-05-20,link,sent
REF-431c3445,U-02941,,2025-02-28,kakao,clicked
REF-698738b8,U-02663,,2025-05-25,kakao,sent
REF-e2a1b698,U-02828,,2025-01-10,link,sent
REF-be00f124,U-05135,,2025-05-18,link,sent
REF-78e93bf7,U-07565,,2025-05-09,kakao,sent
REF-efd8253c,U-11241,,2025-04-28,kakao,sent
REF-83dceb52,U-02971,,2025-02-17,email,clicked
REF-4f837791,U-01729,,2025-05-17,link,clicked
REF-b4bfa313,U-02906,,2025-04-20,email,clicked
REF-f5c5e909,U-11249,,2025-04-27,kakao,sent
REF-8ae30ce0,U-02628,,2025-05-23,email,sent
REF-2b606b2c,U-07264,U-08371,2025-02-24,email,converted
REF-72fafc20,U-02535,U-07832,2025-02-17,kakao,converted
REF-bff70d52,U-07941,,2025-05-16,link,clicked
REF-0bf3efab,U-04983,,2025-03-28,kakao,sent
REF-bc5500a6,U-00450,,2025-03-04,link,sent
REF-390be03c,U-11813,U-16354,2025-05-06,link,converted
REF-b81088eb,U-05395,,2025-02-24,kakao,sent
REF-fa0987f8,U-05521,,2025-04-03,email,sent
REF-5f9a99ce,U-01808,,2025-04-12,kakao,sent
REF-1b8ca4d4,U-13857,U-14687,2025-04-24,kakao,converted
REF-9a46719e,U-00392,,2025-05-05,kakao,sent
REF-94dff371,U-03294,,2025-05-22,link,sent
REF-78e6db2b,U-02952,,2025-01-14,link,sent
REF-952c9e72,U-02128,,2025-02-22,link,sent
REF-ae4403e0,U-10643,,2025-03-29,kakao,sent
REF-c0414730,U-07839,,2025-02-27,email,sent
REF-4c7db012,U-03654,,2025-01-13,link,clicked
REF-d2d31dad,U-04163,,2025-02-19,link,sent
REF-f241d8d4,U-05880,U-09801,2025-03-11,email,converted
REF-d821d215,U-08155,,2025-03-25,email,sent
REF-aa10f35d,U-03846,,2025-03-09,email,sent
REF-30f577f1,U-00497,,2025-05-05,kakao,clicked
REF-c2d70584,U-05280,,2025-02-14,email,sent
REF-4aac7539,U-06267,,2025-02-19,link,sent
REF-66784487,U-00673,U-15923,2025-05-03,link,converted
REF-06b5c7d9,U-03616,,2025-02-26,email,sent
REF-fd292205,U-03681,,2025-03-29,link,clicked
REF-a0ef1706,U-03010,,2025-04-28,link,sent
REF-cc2e6abe,U-00739,,2025-03-09,link,sent
REF-18fe0a55,U-00914,,2025-05-02,kakao,sent
REF-ce261bb9,U-05793,,2025-04-13,email,sent
REF-59708be4,U-04980,,2025-04-21,email,sent
REF-17867387,U-10476,,2025-04-15,kakao,clicked
REF-46adb067,U-01394,,2025-01-14,link,sent
REF-ec399080,U-00012,,2025-01-30,email,sent
REF-f931d597,U-07473,,2025-03-07,kakao,sent
REF-4d3e0e61,U-11719,,2025-05-04,link,sent
REF-732d493b,U-05255,,2025-03-11,kakao,clicked
REF-21d659a6,U-03199,,2025-05-04,email,sent
REF-7783f55b,U-11026,,2025-05-16,email,sent
REF-cedb3507,U-01176,,2025-02-07,link,sent
REF-c5e853ae,U-05279,,2025-01-12,email,sent
REF-c52ec558,U-07403,,2025-04-06,link,sent
REF-6e681819,U-00800,,2025-04-18,kakao,sent
REF-5ecd2f36,U-09160,,2025-04-28,kakao,sent
REF-90f718d3,U-05041,,2025-02-12,link,sent
REF-d74524d1,U-03219,U-05263,2025-01-10,kakao,converted
REF-32e374ea,U-01241,,2025-03-25,link,clicked
REF-3412a8da,U-12113,,2025-04-17,kakao,clicked
REF-28141660,U-00526,,2025-02-20,kakao,sent
REF-96f37428,U-00450,,2025-04-02,link,clicked
REF-3dc940b4,U-04574,,2025-05-05,kakao,sent
REF-953912f0,U-10096,,2025-05-23,link,clicked
REF-5a01ea20,U-03302,,2025-04-04,link,sent
REF-3eff514f,U-01381,,2025-05-02,kakao,sent
REF-82c75df0,U-01767,,2025-04-11,kakao,sent
REF-f49ee329,U-05554,,2025-02-22,link,sent
REF-c4761829,U-04693,,2025-05-16,kakao,sent
REF-702dcd82,U-04763,,2025-04-05,email,clicked
REF-5690128b,U-00212,,2025-05-20,link,sent
REF-de9d1bd8,U-05524,,2025-03-18,link,sent
REF-2d5b3a15,U-06960,U-07419,2025-02-12,email,converted
REF-15156703,U-16497,,2025-05-22,email,clicked
REF-413f674f,U-00864,,2025-03-13,link,sent
REF-61a39ff4,U-09097,,2025-05-25,kakao,clicked
REF-13e0a827,U-09826,,2025-04-06,link,sent
REF-c5322124,U-02941,,2025-04-07,kakao,sent
REF-a088cebf,U-02358,,2025-05-17,email,sent
REF-14df42cf,U-03846,,2025-03-28,email,sent
REF-6a187be7,U-04429,,2025-05-23,kakao,sent
REF-1b9fb21c,U-08413,,2025-03-30,link,sent
REF-a59b39ff,U-05102,U-05660,2025-01-17,kakao,converted
REF-a1c2b337,U-05608,,2025-04-01,link,clicked
REF-8cc8e323,U-12842,,2025-04-15,kakao,sent
REF-45616b05,U-02532,U-15537,2025-04-30,email,converted
REF-e2d54ddd,U-02869,U-12580,2025-04-06,email,converted
REF-ccf5ffaa,U-03542,U-09393,2025-03-07,link,converted
REF-b1702b1d,U-00987,U-10101,2025-03-14,link,converted
REF-aa6d29c3,U-01901,,2025-01-08,email,sent
REF-341fa2fe,U-01985,,2025-04-29,email,clicked
REF-6617157b,U-05054,,2025-04-27,link,clicked
REF-e1105240,U-00284,,2025-04-13,kakao,sent
REF-c438433b,U-05041,,2025-04-20,link,sent
REF-e091b73b,U-08672,,2025-03-21,link,sent
REF-7c06d43c,U-04948,,2025-05-25,link,sent
REF-b5c5bf45,U-02532,,2025-05-21,link,clicked
REF-b742aa6a,U-01833,,2025-05-23,kakao,sent
REF-e857d6c3,U-03088,,2025-05-09,link,sent
REF-8b9f9e0b,U-03375,,2025-04-15,kakao,sent
REF-ff2ceaa7,U-00210,,2025-03-10,kakao,sent
REF-64cb8629,U-09742,U-18769,2025-05-23,link,converted
REF-c4053b4c,U-05233,,2025-04-06,link,sent
REF-86ccf5fc,U-01723,,2025-03-17,email,sent
REF-6d60fdc5,U-01856,,2025-03-17,kakao,sent
REF-b61e462d,U-00442,,2025-01-31,link,sent
REF-0d59615c,U-01544,,2025-05-02,link,sent
REF-fee687b1,U-02164,,2025-04-22,email,sent
REF-a1705006,U-02915,,2025-01-28,email,sent
REF-f794d404,U-10974,U-15291,2025-04-28,link,converted
REF-21564635,U-01286,U-15457,2025-04-29,email,converted
REF-04e4db33,U-03879,,2025-05-23,email,sent
REF-d16ae313,U-00337,,2025-01-07,email,clicked
REF-744190cf,U-09556,,2025-04-21,link,sent
REF-1d87644f,U-03054,,2025-02-27,kakao,sent
REF-b6b360b0,U-04328,,2025-01-31,link,sent
REF-4e77bd8b,U-03565,,2025-05-03,link,sent
REF-dd92a6a1,U-10513,,2025-05-03,kakao,clicked
REF-9a411c72,U-03010,,2025-04-29,email,sent
REF-f9277daa,U-12263,,2025-05-09,kakao,sent
REF-22f40305,U-06454,,2025-04-04,email,sent
REF-05d7f2fc,U-08552,U-08748,2025-02-28,kakao,converted
REF-de41a0cf,U-07470,,2025-05-21,kakao,sent
REF-d501f8f0,U-02419,,2025-04-22,kakao,sent
REF-25979dbf,U-00703,,2025-05-25,link,clicked
REF-310ea146,U-03302,,2025-01-11,email,clicked
REF-9e885958,U-06000,,2025-05-21,link,clicked
REF-92246e19,U-03302,,2025-02-17,email,sent
REF-c00b7d9f,U-07955,,2025-04-20,link,clicked
REF-7523bcca,U-02680,,2025-03-07,email,clicked
REF-73c1961f,U-09652,,2025-03-13,link,sent
REF-0e9735c8,U-07362,,2025-05-06,email,sent
REF-c5b5446f,U-07445,,2025-05-20,email,sent
REF-1d21a575,U-06485,U-07453,2025-02-13,kakao,converted
REF-65eac4f2,U-06615,,2025-05-21,link,sent
REF-8612cb1d,U-00752,,2025-05-22,kakao,sent
REF-97beb9a1,U-01893,,2025-01-23,email,sent
REF-08b14dd7,U-03948,,2025-02-05,email,sent
REF-777a6eaf,U-08974,,2025-03-16,link,sent
REF-dc76dc89,U-06012,,2025-05-03,email,sent
REF-3d21f384,U-05934,U-12128,2025-04-02,link,converted
REF-c1a0fe89,U-04945,,2025-05-01,email,sent
REF-218e3c55,U-00831,,2025-03-09,link,sent
REF-93d6fb43,U-02942,,2025-04-05,kakao,clicked
REF-bd3af185,U-05042,,2025-03-04,link,clicked
REF-24c89dc2,U-10378,U-11992,2025-04-01,email,converted
REF-951327fe,U-10355,,2025-04-14,link,sent
REF-7a611e39,U-06461,,2025-04-13,kakao,sent
REF-4f428f84,U-04700,U-07865,2025-02-18,kakao,converted
REF-a448519d,U-03432,,2025-01-21,email,sent
REF-baa48409,U-06091,,2025-03-17,kakao,sent
REF-4983c32a,U-01629,U-16644,2025-05-08,kakao,converted
REF-90d7dbb6,U-06682,,2025-05-25,kakao,sent
REF-3f9bb1c1,U-06302,,2025-04-02,link,sent
REF-6a864bcc,U-13565,,2025-05-06,link,sent
REF-5d6fd0be,U-02879,,2025-04-28,kakao,clicked
REF-36a4d51e,U-08552,,2025-04-12,kakao,sent
REF-acfa178c,U-11047,,2025-05-25,email,converted
REF-bfa49faf,U-04932,,2025-03-08,email,sent
REF-51fc1cd8,U-01914,,2025-02-12,kakao,sent
REF-cb11a843,U-06160,,2025-03-08,email,sent
REF-576458ce,U-01273,,2025-04-27,kakao,sent
REF-f2b52bef,U-01566,,2025-02-13,email,sent
REF-e6c65bf9,U-03276,U-09244,2025-03-05,kakao,converted
REF-43cf92de,U-15357,,2025-05-24,kakao,sent
REF-9787b613,U-06922,,2025-03-09,link,clicked
REF-da9676b8,U-02893,,2025-05-05,kakao,sent
REF-eb25b815,U-00146,,2025-01-09,kakao,clicked
REF-551d08d0,U-01433,U-09099,2025-03-04,link,converted
REF-aec341cf,U-07890,,2025-03-22,kakao,sent
REF-b740f2ea,U-02679,,2025-01-08,email,clicked
REF-42a92f97,U-04085,,2025-02-22,kakao,clicked
REF-3f044884,U-04058,,2025-03-09,email,sent
REF-65ea1c7e,U-00732,,2025-02-24,link,clicked
REF-ddd483b2,U-03044,U-11026,2025-03-23,email,converted
REF-c6651dac,U-04560,,2025-02-09,link,sent
REF-26d4a2a8,U-00953,,2025-04-01,link,sent
REF-1d0d5354,U-07482,,2025-04-04,link,sent
REF-d42052c8,U-11281,,2025-04-12,kakao,clicked
REF-e6ec890b,U-15144,,2025-04-30,link,clicked
REF-4d392723,U-05746,,2025-03-14,email,sent
REF-04494e1a,U-09498,,2025-05-08,email,sent
REF-0aa26727,U-05921,,2025-05-10,link,sent
REF-275d3149,U-10003,,2025-03-28,link,sent
REF-f7dca9aa,U-07896,,2025-02-20,email,sent
REF-90924143,U-09834,U-13134,2025-04-11,kakao,converted
REF-47dc5cc5,U-01723,,2025-03-12,kakao,sent
REF-66336c13,U-02535,,2025-01-12,email,sent
REF-8ba1d1c2,U-02448,,2025-04-29,email,sent
REF-d17fd7df,U-04146,,2025-05-24,link,sent
REF-d47d9881,U-03310,,2025-01-13,kakao,sent
REF-ae0b5141,U-03547,U-06929,2025-02-06,email,converted
REF-140d1704,U-05935,,2025-03-15,link,sent
REF-7ed94828,U-09128,,2025-03-29,kakao,clicked
REF-40e0a7bc,U-00405,,2025-05-14,link,sent
REF-8bd7a38d,U-03208,,2025-02-13,link,sent
REF-b88dfcf6,U-02359,U-18042,2025-05-18,link,converted
REF-22bd9272,U-05308,,2025-04-17,kakao,sent
REF-87f2f7c8,U-09461,U-10483,2025-03-18,email,converted
REF-96edb6bd,U-07564,,2025-05-06,kakao,sent
REF-f34d1cec,U-02102,,2025-04-21,kakao,clicked
REF-d0bd8106,U-05971,,2025-03-05,email,sent
REF-6abd7186,U-06197,,2025-03-24,link,sent
REF-2d058cdc,U-00245,,2025-01-08,kakao,sent
REF-54c493ae,U-05990,,2025-05-03,email,clicked
REF-d8c5baa2,U-01729,,2025-05-08,email,sent
REF-96ecfe4a,U-08781,,2025-04-24,email,sent
REF-90d98df4,U-01114,,2025-04-21,email,sent
REF-fea09563,U-02067,,2025-03-26,kakao,sent
REF-177bee75,U-12188,,2025-04-11,email,clicked
REF-cb1ec761,U-05438,U-08869,2025-03-01,email,converted
REF-ae8286a6,U-06134,,2025-02-06,kakao,sent
REF-e80ad508,U-01874,,2025-04-19,kakao,sent
REF-7fcac2ef,U-01273,,2025-03-16,link,sent
REF-4aec1c0c,U-01002,,2025-04-13,email,clicked
REF-a27f9492,U-01548,U-05550,2025-01-15,link,converted
REF-7d6e6001,U-06730,,2025-03-27,email,clicked
REF-43feb001,U-05149,,2025-02-27,kakao,sent
REF-6cf82602,U-01833,,2025-04-16,link,sent
REF-566092ee,U-07011,,2025-02-14,link,sent
REF-258bce70,U-04135,,2025-04-28,email,sent
REF-30ca601a,U-08344,,2025-03-04,link,sent
REF-396c6b04,U-08799,,2025-05-18,link,sent
REF-8f022611,U-09244,,2025-04-05,email,sent
REF-1378c356,U-01664,,2025-03-31,link,sent
REF-f7cec428,U-07627,U-08305,2025-02-23,email,converted
REF-f5a7ff4c,U-17006,,2025-05-20,link,sent
REF-c18556d8,U-01045,,2025-01-22,email,sent
REF-3f992a51,U-02488,,2025-02-09,email,clicked
REF-894ddeef,U-05540,,2025-03-24,kakao,sent
REF-bdef53ea,U-12028,,2025-05-14,kakao,sent
REF-b69db1d8,U-10227,,2025-05-25,email,sent
REF-4792e8b4,U-12221,,2025-04-19,link,sent
REF-9fd8883c,U-05990,,2025-05-04,email,sent
REF-0f4bd14b,U-02034,,2025-01-25,link,sent
REF-0c712833,U-01652,,2025-02-17,link,sent
REF-516307e0,U-06268,,2025-04-17,email,clicked
REF-b03dbf6c,U-04560,,2025-04-03,kakao,sent
REF-6e3d9c44,U-01629,,2025-03-11,kakao,clicked
REF-70968949,U-03264,,2025-02-07,link,sent
REF-9d16d75d,U-04350,,2025-04-26,kakao,sent
REF-ccbafe78,U-06119,,2025-04-29,link,clicked
REF-fc8f959e,U-00132,,2025-01-18,email,sent
REF-ce06dc78,U-05245,U-15928,2025-05-03,link,converted
REF-4d85f091,U-04260,,2025-03-25,link,sent
REF-f394de0c,U-02680,,2025-02-04,email,sent
REF-766967e6,U-11380,,2025-05-14,kakao,sent
REF-dd38793d,U-01042,,2025-05-03,email,sent
REF-ddd5fe0e,U-07341,U-17033,2025-05-11,link,converted
REF-a4fefcf7,U-02275,,2025-01-07,kakao,sent
REF-33112445,U-01889,,2025-04-12,email,sent
REF-d3da4889,U-00971,,2025-03-14,email,sent
REF-199d4d09,U-02074,,2025-04-21,kakao,sent
REF-b0bcf77d,U-05793,,2025-05-15,kakao,clicked
REF-0aa0133f,U-04801,,2025-04-22,kakao,sent
REF-621b8f1c,U-13875,,2025-04-24,email,sent
REF-5fd22e8c,U-05030,,2025-03-06,link,sent
REF-66d617f1,U-03028,U-07871,2025-02-18,kakao,converted
REF-fe4359fa,U-01045,,2025-04-19,link,sent
REF-b9791a00,U-05119,,2025-02-14,email,clicked
REF-5c0da4e5,U-06134,,2025-02-08,link,sent
REF-da5f8841,U-07224,,2025-03-10,link,sent
REF-06d47fb9,U-02425,,2025-03-13,kakao,clicked
REF-e171843f,U-05233,U-09423,2025-03-07,email,converted
REF-95980e41,U-05064,,2025-03-21,email,sent
REF-5df0924e,U-00618,,2025-03-22,email,sent
REF-70b503b5,U-04085,,2025-04-12,link,clicked
REF-f839298c,U-03375,,2025-02-04,email,sent
REF-e6c36016,U-03545,,2025-01-09,kakao,sent
REF-b2442ef3,U-07539,,2025-02-26,kakao,sent
REF-d94f6b6a,U-07799,,2025-04-18,kakao,sent
REF-4f5461e9,U-06697,,2025-02-25,kakao,sent
REF-8afc8482,U-09706,,2025-03-28,link,sent
REF-2d5ce06f,U-01850,,2025-02-15,kakao,sent
REF-7b8f2a05,U-00713,,2025-05-21,link,clicked
REF-7b096921,U-04270,U-08373,2025-02-24,link,converted
REF-bb37d1d3,U-01075,,2025-04-27,kakao,sent
REF-77fdcdce,U-08672,U-15306,2025-04-28,kakao,converted
REF-bc3ede91,U-10096,,2025-05-11,link,clicked
REF-c4a7e4d5,U-01114,U-08374,2025-02-24,link,converted
REF-69304bac,U-07873,,2025-03-24,kakao,sent
REF-014a3576,U-07146,U-12321,2025-04-04,email,converted
REF-896cc638,U-03510,,2025-04-22,kakao,sent
REF-840c96ff,U-10016,,2025-03-21,email,sent
REF-b126358d,U-05781,,2025-04-05,kakao,sent
REF-c1f7c1c8,U-04707,U-15467,2025-04-29,link,converted
REF-948963b4,U-05149,,2025-04-13,kakao,sent
REF-6726d022,U-02292,,2025-05-22,email,sent
REF-cc38c44a,U-00110,,2025-03-30,link,sent
REF-a698226f,U-09175,,2025-05-21,kakao,sent
REF-ff673c79,U-11734,U-15545,2025-04-30,kakao,converted
REF-4fb2a597,U-07347,,2025-05-25,kakao,sent
REF-f9a56094,U-09920,U-11040,2025-03-23,kakao,converted
REF-df8149cf,U-00545,,2025-04-15,email,sent
REF-aa909da0,U-08799,,2025-05-12,email,clicked
REF-addedeb6,U-09542,,2025-05-06,kakao,sent
REF-1fa7b8b7,U-08521,,2025-04-10,link,clicked
REF-4ff2e4ca,U-04941,,2025-03-23,email,sent
REF-860c3b62,U-03009,,2025-01-24,link,sent
REF-e992d328,U-05256,,2025-03-19,email,sent
REF-39a9fad6,U-07564,,2025-02-21,kakao,sent
REF-87058092,U-05158,,2025-03-25,link,sent
REF-961f160c,U-00732,U-11565,2025-03-28,email,converted
REF-dff30f88,U-08846,,2025-03-04,kakao,sent
REF-c244ae2d,U-05102,,2025-03-22,link,sent
REF-ae08dbb7,U-09858,,2025-03-15,link,sent
REF-3d6ea477,U-09767,,2025-04-28,kakao,sent
REF-2b66b1ce,U-06264,,2025-02-16,email,sent
REF-dcb2beca,U-02292,,2025-02-13,email,sent
REF-166a2666,U-01848,,2025-01-10,email,sent
REF-a8f28450,U-08793,U-16499,2025-05-07,email,converted
REF-af9d9cdb,U-03054,,2025-03-19,kakao,sent
REF-d0e967e0,U-13208,,2025-05-19,link,clicked
REF-fa66d7ac,U-09884,,2025-05-01,kakao,clicked
REF-7c109265,U-04990,U-18234,2025-05-19,email,converted
REF-08a70367,U-01787,,2025-05-07,kakao,sent
REF-cbd42dc2,U-06682,U-14065,2025-04-19,kakao,converted
REF-ecfe2255,U-08924,U-10840,2025-03-21,kakao,converted
REF-0389d46f,U-03088,,2025-04-15,kakao,sent
REF-859eeb18,U-04275,,2025-04-04,email,sent
REF-ad8d757f,U-07553,U-16800,2025-05-09,email,converted
REF-351e5163,U-04314,,2025-03-25,kakao,sent
REF-5c957f78,U-01973,,2025-04-13,kakao,sent
REF-7b185fcb,U-03739,,2025-02-22,kakao,sent
REF-196b44b9,U-00107,,2025-04-27,email,clicked
REF-dfc2e682,U-04181,,2025-04-05,link,sent
REF-7ff18574,U-02486,,2025-01-25,kakao,sent
REF-f266fe56,U-00700,,2025-01-18,kakao,sent
REF-bca1a0da,U-11156,,2025-04-12,kakao,sent
REF-a10b1119,U-00815,,2025-04-28,email,sent
REF-510f00e8,U-00222,U-14067,2025-04-19,link,converted
REF-0294b54f,U-04013,,2025-05-08,email,clicked
REF-71b5a1bb,U-04467,,2025-04-23,kakao,clicked
REF-56eafe9c,U-10958,U-17179,2025-05-12,link,converted
REF-69f68f0e,U-05022,,2025-04-22,email,sent
REF-6d880cd4,U-00145,,2025-04-12,link,sent
REF-06a88b2b,U-09175,,2025-05-11,email,sent
REF-8a257cec,U-02883,,2025-04-04,email,clicked
REF-d95a320f,U-07941,,2025-03-02,link,sent
REF-3c1d8f20,U-08086,,2025-05-17,kakao,sent
REF-68c91b6d,U-00703,,2025-05-07,link,sent
REF-0bb106b3,U-01597,,2025-04-22,link,clicked
REF-b4c98a81,U-05245,,2025-05-21,email,clicked
REF-c490d04a,U-02850,,2025-03-01,email,clicked
REF-63c3e242,U-01442,,2025-03-01,email,sent
REF-3802a636,U-04530,,2025-04-23,link,clicked
REF-dc4f33b8,U-00503,,2025-03-27,email,sent
REF-747816e0,U-11388,,2025-04-22,kakao,sent
REF-022789b5,U-03302,,2025-03-04,link,clicked
REF-c35585b6,U-03731,,2025-05-16,link,clicked
REF-4304a135,U-13713,,2025-04-19,email,clicked
REF-50f9d234,U-02063,,2025-05-22,kakao,sent
REF-45df46bc,U-04530,,2025-04-16,link,sent
REF-b281cefb,U-05664,,2025-03-21,link,sent
REF-261e9e86,U-00739,U-16651,2025-05-08,link,converted
REF-26570a5d,U-02125,,2025-01-17,link,sent
REF-fa742885,U-17436,,2025-05-17,kakao,sent
REF-5a6c7f60,U-01684,,2025-02-04,email,clicked
REF-1ee552db,U-03634,,2025-01-06,kakao,sent
REF-d99b25ed,U-00362,U-08076,2025-02-20,kakao,converted
REF-b50d3d45,U-06742,,2025-04-03,email,sent
REF-fd5d1f65,U-02301,,2025-05-13,link,sent
REF-e91d2143,U-01917,U-08123,2025-02-21,link,converted
REF-f94c80a9,U-06603,,2025-04-07,link,sent
REF-3a25e35a,U-01176,U-12323,2025-04-04,kakao,converted
REF-a00c7eb9,U-03912,,2025-02-22,link,sent
REF-fa9d0a08,U-01875,,2025-02-07,email,sent
REF-10affcc3,U-09826,,2025-04-23,kakao,sent
REF-7adfbb1d,U-00325,,2025-02-21,email,sent
REF-14e8d029,U-02869,,2025-04-26,email,clicked
REF-77a099a5,U-09097,,2025-04-17,link,sent
REF-339b5542,U-03939,,2025-02-13,link,clicked
REF-b4af7414,U-10080,,2025-03-30,kakao,sent
REF-d80ba790,U-01889,U-16519,2025-05-07,email,converted
REF-70bdd4d9,U-02978,,2025-03-12,email,sent
REF-2a1ce8e2,U-11529,,2025-04-21,link,clicked
REF-0661c52e,U-00386,,2025-05-07,kakao,sent
REF-e87aaf3a,U-00625,,2025-01-19,link,sent
REF-3f07e156,U-06564,,2025-03-11,kakao,sent
REF-026ca569,U-07513,U-11318,2025-03-26,link,converted
REF-abb9ccd3,U-01176,,2025-01-31,link,sent
REF-3073eae4,U-06264,,2025-02-05,kakao,sent
REF-7f021757,U-02906,,2025-03-22,link,sent
REF-637daea0,U-06717,,2025-03-22,email,sent
REF-5386f397,U-02171,,2025-04-08,link,clicked
REF-047cc17a,U-03433,U-09424,2025-03-07,link,converted
REF-ff63023b,U-15964,,2025-05-15,link,clicked
REF-af10f2a8,U-00459,U-06494,2025-01-30,kakao,converted
REF-ae458b9b,U-05420,,2025-04-02,kakao,sent
REF-6d2cd01d,U-04983,,2025-03-22,link,sent
REF-0e442571,U-08189,,2025-05-06,kakao,clicked
REF-8d1f349d,U-03199,,2025-01-08,email,sent
REF-4403d76f,U-07955,U-17036,2025-05-11,email,converted
REF-2962a5ea,U-02663,,2025-05-08,email,clicked
REF-28c79e43,U-08023,,2025-03-18,kakao,clicked
REF-a558fb4e,U-03522,,2025-04-19,kakao,clicked
REF-c6c72ff5,U-00141,,2025-02-20,link,sent
REF-7d16716c,U-05801,,2025-04-19,kakao,clicked
REF-b632b35e,U-05590,,2025-05-02,email,sent
REF-1eb044b4,U-03211,,2025-05-19,kakao,clicked
REF-4fdde072,U-07588,,2025-05-05,email,sent
REF-625f2856,U-08007,,2025-03-09,kakao,sent
REF-15b869d9,U-07861,,2025-04-04,kakao,clicked
REF-eea920a3,U-03846,,2025-01-13,kakao,sent
REF-217b02cc,U-00660,,2025-03-05,link,sent
REF-4e1c0a0c,U-05102,,2025-05-04,email,sent
REF-16107af0,U-05135,,2025-03-05,link,clicked
REF-41cc41ee,U-10427,,2025-04-30,kakao,sent
REF-967a8d93,U-10952,,2025-04-25,link,sent
REF-bc8f0404,U-03634,,2025-04-05,kakao,clicked
REF-3895501f,U-00284,,2025-04-21,email,sent
REF-bf8f7f0c,U-02171,,2025-05-11,kakao,sent
REF-3e5bb2c9,U-08464,,2025-03-14,kakao,sent
REF-1324dd69,U-01423,,2025-02-08,kakao,clicked
REF-c4a0652b,U-05371,,2025-05-13,email,sent
REF-8c9cdcc8,U-16168,,2025-05-09,kakao,clicked
REF-4d57d996,U-10759,U-11327,2025-03-26,email,converted
REF-5d736994,U-10438,U-11780,2025-03-30,link,converted
REF-b2fd7fc8,U-04073,,2025-05-11,email,sent
REF-6d0a0e50,U-03260,,2025-03-24,kakao,sent
REF-2d70e31b,U-14254,,2025-05-12,email,sent
REF-d48bbbd0,U-03657,,2025-03-16,email,sent
REF-ce63946d,U-01170,,2025-02-25,email,sent
REF-ce3f7bb1,U-05255,,2025-04-21,kakao,sent
REF-887880df,U-02527,,2025-04-29,link,sent
REF-5c78d20b,U-01284,,2025-02-28,link,sent
REF-175c62d7,U-05308,,2025-02-16,email,sent
REF-366ceab5,U-02483,,2025-03-19,kakao,clicked
REF-6d0c599d,U-07924,U-09247,2025-03-05,link,converted
REF-0c41d048,U-01564,U-16054,2025-05-04,link,converted
REF-0b5a7b64,U-01070,U-12164,2025-04-02,email,converted
REF-ecdc8e41,U-03078,,2025-02-19,link,sent
REF-7477ff49,U-05301,,2025-02-28,kakao,sent
REF-7b347bc2,U-03948,,2025-01-12,link,sent
REF-6787fb75,U-04467,,2025-04-08,email,sent
REF-3fa09e71,U-04690,,2025-01-27,email,sent
REF-fba926c3,U-00182,,2025-03-10,link,sent
REF-ee3c6f15,U-04987,,2025-04-11,email,sent
REF-e6f8f563,U-02091,U-05380,2025-01-12,link,converted
REF-28247972,U-00497,,2025-02-01,email,clicked
REF-57753333,U-02623,,2025-03-11,link,sent
REF-214d4b4f,U-04545,,2025-05-20,link,sent
REF-fe2280e3,U-05395,,2025-01-15,kakao,clicked
REF-6867c791,U-07812,,2025-03-11,link,clicked
REF-cffe3872,U-03434,U-09101,2025-03-04,kakao,converted
REF-239bb858,U-11899,,2025-05-18,kakao,sent
REF-9db67294,U-01176,,2025-02-23,email,sent
REF-d0368447,U-03294,,2025-01-09,email,clicked
REF-b04af498,U-08235,,2025-05-20,kakao,sent
REF-e454a5b7,U-03252,,2025-03-03,kakao,sent
REF-536cecd7,U-01191,,2025-03-02,link,sent
REF-bcdfa76a,U-03351,,2025-05-07,kakao,clicked
REF-8bb72892,U-03150,U-16528,2025-05-07,email,converted
REF-734d3c13,U-14222,,2025-05-10,link,sent
REF-6f3615f3,U-05412,,2025-03-01,email,sent
REF-d6ad2708,U-08974,,2025-03-06,email,sent
